frame  hold      x(bl)   y(bl)     vy  ground dead mode flip pad orb contact deathuid
    0  ....      0.043   0.500   0.00     1    0    0    0 -1 -1 -1 -1
    1  ....      0.087   0.500   0.00     1    0    0    0 -1 -1 -1 -1
    2  ....      0.130   0.500   0.00     1    0    0    0 -1 -1 -1 -1
    3  ....      0.173   0.500   0.00     1    0    0    0 -1 -1 -1 -1
    4  ....      0.216   0.500   0.00     1    0    0    0 -1 -1 -1 -1
    5  ....      0.260   0.500   0.00     1    0    0    0 -1 -1 -1 -1
    6  ....      0.303   0.500   0.00     1    0    0    0 -1 -1 -1 -1
    7  ....      0.346   0.500   0.00     1    0    0    0 -1 -1 -1 -1
    8  ....      0.389   0.500   0.00     1    0    0    0 -1 -1 -1 -1
    9  ....      0.433   0.500   0.00     1    0    0    0 -1 -1 -1 -1
   10  ....      0.476   0.500   0.00     1    0    0    0 -1 -1 -1 -1
   11  ....      0.519   0.500   0.00     1    0    0    0 -1 -1 -1 -1
   12  ....      0.563   0.500   0.00     1    0    0    0 -1 -1 -1 -1
   13  ....      0.606   0.500   0.00     1    0    0    0 -1 -1 -1 -1
   14  ....      0.649   0.500   0.00     1    0    0    0 -1 -1 -1 -1
   15  ....      0.692   0.500   0.00     1    0    0    0 -1 -1 -1 -1
   16  ....      0.736   0.500   0.00     1    0    0    0 -1 -1 -1 -1
   17  ....      0.779   0.500   0.00     1    0    0    0 -1 -1 -1 -1
   18  ....      0.822   0.500   0.00     1    0    0    0 -1 -1 -1 -1
   19  ....      0.866   0.500   0.00     1    0    0    0 -1 -1 -1 -1
   20  ....      0.909   0.500   0.00     1    0    0    0 -1 -1 -1 -1
   21  ....      0.952   0.500   0.00     1    0    0    0 -1 -1 -1 -1
   22  ....      0.995   0.500   0.00     1    0    0    0 -1 -1 -1 -1
   23  ....      1.039   0.500   0.00     1    0    0    0 -1 -1 -1 -1
   24  ....      1.082   0.500   0.00     1    0    0    0 -1 -1 -1 -1
   25  ....      1.125   0.500   0.00     1    0    0    0 -1 -1 -1 -1
   26  ....      1.168   0.500   0.00     1    0    0    0 -1 -1 -1 -1
   27  ....      1.212   0.500   0.00     1    0    0    0 -1 -1 -1 -1
   28  ....      1.255   0.500   0.00     1    0    0    0 -1 -1 -1 -1
   29  ....      1.298   0.500   0.00     1    0    0    0 -1 -1 -1 -1
   30  ....      1.342   0.500   0.00     1    0    0    0 -1 -1 -1 -1
   31  ....      1.385   0.500   0.00     1    0    0    0 -1 -1 -1 -1
   32  ....      1.428   0.500   0.00     1    0    0    0 -1 -1 -1 -1
   33  ....      1.471   0.500   0.00     1    0    0    0 -1 -1 -1 -1
   34  ....      1.515   0.500   0.00     1    0    0    0 -1 -1 -1 -1
   35  ....      1.558   0.500   0.00     1    0    0    0 -1 -1 -1 -1
   36  ....      1.601   0.500   0.00     1    0    0    0 -1 -1 -1 -1
   37  ....      1.644   0.500   0.00     1    0    0    0 -1 -1 -1 -1
   38  ....      1.688   0.500   0.00     1    0    0    0 -1 -1 -1 -1
   39  ....      1.731   0.500   0.00     1    0    0    0 -1 -1 -1 -1
   40  ....      1.774   0.500   0.00     1    0    0    0 -1 -1 -1 -1
   41  ....      1.818   0.500   0.00     1    0    0    0 -1 -1 -1 -1
   42  ....      1.861   0.500   0.00     1    0    0    0 -1 -1 -1 -1
   43  ....      1.904   0.500   0.00     1    0    0    0 -1 -1 -1 -1
   44  ....      1.947   0.500   0.00     1    0    0    0 -1 -1 -1 -1
   45  ....      1.991   0.500   0.00     1    0    0    0 -1 -1 -1 -1
   46  ....      2.034   0.500   0.00     1    0    0    0 -1 -1 -1 -1
   47  ....      2.077   0.500   0.00     1    0    0    0 -1 -1 -1 -1
   48  ....      2.120   0.500   0.00     1    0    0    0 -1 -1 -1 -1
   49  ....      2.164   0.500   0.00     1    0    0    0 -1 -1 -1 -1
   50  ....      2.207   0.500   0.00     1    0    0    0 -1 -1 -1 -1
   51  ....      2.250   0.500   0.00     1    0    0    0 -1 -1 -1 -1
   52  ....      2.294   0.500   0.00     1    0    0    0 -1 -1 -1 -1
   53  ....      2.337   0.500   0.00     1    0    0    0 -1 -1 -1 -1
   54  ....      2.380   0.500   0.00     1    0    0    0 -1 -1 -1 -1
   55  ....      2.423   0.500   0.00     1    0    0    0 -1 -1 -1 -1
   56  ....      2.467   0.500   0.00     1    0    0    0 -1 -1 -1 -1
   57  ....      2.510   0.500   0.00     1    0    0    0 -1 -1 -1 -1
   58  ....      2.553   0.500   0.00     1    0    0    0 -1 -1 -1 -1
   59  ....      2.596   0.500   0.00     1    0    0    0 -1 -1 -1 -1
   60  ....      2.640   0.500   0.00     1    0    0    0 -1 -1 -1 -1
   61  ....      2.683   0.500   0.00     1    0    0    0 -1 -1 -1 -1
   62  ....      2.726   0.500   0.00     1    0    0    0 -1 -1 -1 -1
   63  ....      2.770   0.500   0.00     1    0    0    0 -1 -1 -1 -1
   64  ....      2.813   0.500   0.00     1    0    0    0 -1 -1 -1 -1
   65  ....      2.856   0.500   0.00     1    0    0    0 -1 -1 -1 -1
   66  ....      2.899   0.500   0.00     1    0    0    0 -1 -1 -1 -1
   67  ....      2.943   0.500   0.00     1    0    0    0 -1 -1 -1 -1
   68  ....      2.986   0.500   0.00     1    0    0    0 -1 -1 -1 -1
   69  ....      3.029   0.500   0.00     1    0    0    0 -1 -1 -1 -1
   70  ....      3.073   0.500   0.00     1    0    0    0 -1 -1 -1 -1
   71  ....      3.116   0.500   0.00     1    0    0    0 -1 -1 -1 -1
   72  ....      3.159   0.500   0.00     1    0    0    0 -1 -1 -1 -1
   73  ....      3.202   0.500   0.00     1    0    0    0 -1 -1 -1 -1
   74  ....      3.246   0.500   0.00     1    0    0    0 -1 -1 -1 -1
   75  ....      3.289   0.500   0.00     1    0    0    0 -1 -1 -1 -1
   76  ....      3.332   0.500   0.00     1    0    0    0 -1 -1 -1 -1
   77  ....      3.375   0.500   0.00     1    0    0    0 -1 -1 -1 -1
   78  ....      3.419   0.500   0.00     1    0    0    0 -1 -1 -1 -1
   79  ....      3.462   0.500   0.00     1    0    0    0 -1 -1 -1 -1
   80  ....      3.505   0.500   0.00     1    0    0    0 -1 -1 -1 -1
   81  ....      3.549   0.500   0.00     1    0    0    0 -1 -1 -1 -1
   82  ....      3.592   0.500   0.00     1    0    0    0 -1 -1 -1 -1
   83  ....      3.635   0.500   0.00     1    0    0    0 -1 -1 -1 -1
   84  ....      3.678   0.500   0.00     1    0    0    0 -1 -1 -1 -1
   85  ....      3.722   0.500   0.00     1    0    0    0 -1 -1 -1 -1
   86  ....      3.765   0.500   0.00     1    0    0    0 -1 -1 -1 -1
   87  ....      3.808   0.500   0.00     1    0    0    0 -1 -1 -1 -1
   88  ....      3.851   0.500   0.00     1    0    0    0 -1 -1 -1 -1
   89  ....      3.895   0.500   0.00     1    0    0    0 -1 -1 -1 -1
   90  ....      3.938   0.500   0.00     1    0    0    0 -1 -1 -1 -1
   91  ....      3.981   0.500   0.00     1    0    0    0 -1 -1 -1 -1
   92  ....      4.025   0.500   0.00     1    0    0    0 -1 -1 -1 -1
   93  ....      4.068   0.500   0.00     1    0    0    0 -1 -1 -1 -1
   94  ....      4.111   0.500   0.00     1    0    0    0 -1 -1 -1 -1
   95  ....      4.154   0.500   0.00     1    0    0    0 -1 -1 -1 -1
   96  ....      4.198   0.500   0.00     1    0    0    0 -1 -1 -1 -1
   97  ....      4.241   0.500   0.00     1    0    0    0 -1 -1 -1 -1
   98  ....      4.284   0.500   0.00     1    0    0    0 -1 -1 -1 -1
   99  ....      4.327   0.500   0.00     1    0    0    0 -1 -1 -1 -1
  100  ....      4.371   0.500   0.00     1    0    0    0 -1 -1 -1 -1
  101  ....      4.414   0.500   0.00     1    0    0    0 -1 -1 -1 -1
  102  ....      4.457   0.500   0.00     1    0    0    0 -1 -1 -1 -1
  103  ....      4.501   0.500   0.00     1    0    0    0 -1 -1 -1 -1
  104  ....      4.544   0.500   0.00     1    0    0    0 -1 -1 -1 -1
  105  ....      4.587   0.500   0.00     1    0    0    0 -1 -1 -1 -1
  106  ....      4.630   0.500   0.00     1    0    0    0 -1 -1 -1 -1
  107  ....      4.674   0.500   0.00     1    0    0    0 -1 -1 -1 -1
  108  ....      4.717   0.500   0.00     1    0    0    0 -1 -1 -1 -1
  109  ....      4.760   0.500   0.00     1    0    0    0 -1 -1 -1 -1
  110  ....      4.804   0.500   0.00     1    0    0    0 -1 -1 -1 -1
  111  ....      4.847   0.500   0.00     1    0    0    0 -1 -1 -1 -1
  112  ....      4.890   0.500   0.00     1    0    0    0 -1 -1 -1 -1
  113  ....      4.933   0.500   0.00     1    0    0    0 -1 -1 -1 -1
  114  ....      4.977   0.500   0.00     1    0    0    0 -1 -1 -1 -1
  115  ....      5.020   0.500   0.00     1    0    0    0 -1 -1 -1 -1
  116  ....      5.063   0.500   0.00     1    0    0    0 -1 -1 -1 -1
  117  ....      5.106   0.500   0.00     1    0    0    0 -1 -1 -1 -1
  118  ....      5.150   0.500   0.00     1    0    0    0 -1 -1 -1 -1
  119  ....      5.193   0.500   0.00     1    0    0    0 -1 -1 -1 -1
  120  ....      5.236   0.500   0.00     1    0    0    0 -1 -1 -1 -1
  121  ....      5.280   0.500   0.00     1    0    0    0 -1 -1 -1 -1
  122  ....      5.323   0.500   0.00     1    0    0    0 -1 -1 -1 -1
  123  ....      5.366   0.500   0.00     1    0    0    0 -1 -1 -1 -1
  124  ....      5.409   0.500   0.00     1    0    0    0 -1 -1 -1 -1
  125  ....      5.453   0.500   0.00     1    0    0    0 -1 -1 -1 -1
  126  ....      5.496   0.500   0.00     1    0    0    0 -1 -1 -1 -1
  127  ....      5.539   0.500   0.00     1    0    0    0 -1 -1 -1 -1
  128  ....      5.582   0.500   0.00     1    0    0    0 -1 -1 -1 -1
  129  ....      5.626   0.500   0.00     1    0    0    0 -1 -1 -1 -1
  130  ....      5.669   0.500   0.00     1    0    0    0 -1 -1 -1 -1
  131  ....      5.712   0.500   0.00     1    0    0    0 -1 -1 -1 -1
  132  ....      5.756   0.500   0.00     1    0    0    0 -1 -1 -1 -1
  133  ....      5.799   0.500   0.00     1    0    0    0 -1 -1 -1 -1
  134  ....      5.842   0.500   0.00     1    0    0    0 -1 -1 -1 -1
  135  ....      5.885   0.500   0.00     1    0    0    0 -1 -1 -1 -1
  136  ....      5.929   0.500   0.00     1    0    0    0 -1 -1 -1 -1
  137  ....      5.972   0.500   0.00     1    0    0    0 -1 -1 -1 -1
  138  ....      6.015   0.500   0.00     1    0    0    0 -1 -1 -1 -1
  139  ....      6.058   0.500   0.00     1    0    0    0 -1 -1 -1 -1
  140  ....      6.102   0.500   0.00     1    0    0    0 -1 -1 -1 -1
  141  ....      6.145   0.500   0.00     1    0    0    0 -1 -1 -1 -1
  142  ....      6.188   0.500   0.00     1    0    0    0 -1 -1 -1 -1
  143  ....      6.232   0.500   0.00     1    0    0    0 -1 -1 -1 -1
  144  ....      6.275   0.500   0.00     1    0    0    0 -1 -1 -1 -1
  145  ....      6.318   0.500   0.00     1    0    0    0 -1 -1 -1 -1
  146  ....      6.361   0.500   0.00     1    0    0    0 -1 -1 -1 -1
  147  ....      6.405   0.500   0.00     1    0    0    0 -1 -1 -1 -1
  148  ....      6.448   0.500   0.00     1    0    0    0 -1 -1 -1 -1
  149  ....      6.491   0.500   0.00     1    0    0    0 -1 -1 -1 -1
  150  ....      6.535   0.500   0.00     1    0    0    0 -1 -1 -1 -1
  151  ....      6.578   0.500   0.00     1    0    0    0 -1 -1 -1 -1
  152  ....      6.621   0.500   0.00     1    0    0    0 -1 -1 -1 -1
  153  ....      6.664   0.500   0.00     1    0    0    0 -1 -1 -1 -1
  154  ....      6.708   0.500   0.00     1    0    0    0 -1 -1 -1 -1
  155  ....      6.751   0.500   0.00     1    0    0    0 -1 -1 -1 -1
  156  ....      6.794   0.500   0.00     1    0    0    0 -1 -1 -1 -1
  157  ....      6.837   0.500   0.00     1    0    0    0 -1 -1 -1 -1
  158  ....      6.881   0.500   0.00     1    0    0    0 -1 -1 -1 -1
  159  ....      6.924   0.500   0.00     1    0    0    0 -1 -1 -1 -1
  160  ....      6.967   0.500   0.00     1    0    0    0 -1 -1 -1 -1
  161  ....      7.011   0.500   0.00     1    0    0    0 -1 -1 -1 -1
  162  ....      7.054   0.500   0.00     1    0    0    0 -1 -1 -1 -1
  163  ....      7.097   0.500   0.00     1    0    0    0 -1 -1 -1 -1
  164  ....      7.140   0.500   0.00     1    0    0    0 -1 -1 -1 -1
  165  ....      7.184   0.500   0.00     1    0    0    0 -1 -1 -1 -1
  166  ....      7.227   0.500   0.00     1    0    0    0 -1 -1 -1 -1
  167  ....      7.270   0.500   0.00     1    0    0    0 -1 -1 -1 -1
  168  ....      7.313   0.500   0.00     1    0    0    0 -1 -1 -1 -1
  169  ....      7.357   0.500   0.00     1    0    0    0 -1 -1 -1 -1
  170  ....      7.400   0.500   0.00     1    0    0    0 -1 -1 -1 -1
  171  ....      7.443   0.500   0.00     1    0    0    0 -1 -1 -1 -1
  172  ....      7.487   0.500   0.00     1    0    0    0 -1 -1 -1 -1
  173  ....      7.530   0.500   0.00     1    0    0    0 -1 -1 -1 -1
  174  ....      7.573   0.500   0.00     1    0    0    0 -1 -1 -1 -1
  175  ....      7.616   0.500   0.00     1    0    0    0 -1 -1 -1 -1
  176  ....      7.660   0.500   0.00     1    0    0    0 -1 -1 -1 -1
  177  ....      7.703   0.500   0.00     1    0    0    0 -1 -1 -1 -1
  178  ....      7.746   0.500   0.00     1    0    0    0 -1 -1 -1 -1
  179  ....      7.789   0.500   0.00     1    0    0    0 -1 -1 -1 -1
  180  ....      7.833   0.500   0.00     1    0    0    0 -1 -1 -1 -1
  181  ....      7.876   0.500   0.00     1    0    0    0 -1 -1 -1 -1
  182  ....      7.919   0.500   0.00     1    0    0    0 -1 -1 -1 -1
  183  ....      7.963   0.500   0.00     1    0    0    0 -1 -1 -1 -1
  184  ....      8.006   0.500   0.00     1    0    0    0 -1 -1 -1 -1
  185  ....      8.049   0.500   0.00     1    0    0    0 -1 -1 -1 -1
  186  ....      8.092   0.500   0.00     1    0    0    0 -1 -1 -1 -1
  187  ....      8.136   0.500   0.00     1    0    0    0 -1 -1 -1 -1
  188  ....      8.179   0.500   0.00     1    0    0    0 -1 -1 -1 -1
  189  ....      8.222   0.500   0.00     1    0    0    0 -1 -1 -1 -1
  190  ....      8.266   0.500   0.00     1    0    0    0 -1 -1 -1 -1
  191  ....      8.309   0.500   0.00     1    0    0    0 -1 -1 -1 -1
  192  ....      8.352   0.500   0.00     1    0    0    0 -1 -1 -1 -1
  193  ....      8.395   0.500   0.00     1    0    0    0 -1 -1 -1 -1
  194  HOLD      8.439   0.591   2.74     0    0    0    0 -1 -1 -1 -1
  195  ....      8.482   0.680   2.68     0    0    0    0 -1 -1 -1 -1
  196  ....      8.525   0.768   2.62     0    0    0    0 -1 -1 -1 -1
  197  ....      8.568   0.853   2.56     0    0    0    0 -1 -1 -1 -1
  198  ....      8.612   0.936   2.50     0    0    0    0 -1 -1 -1 -1
  199  ....      8.655   1.017   2.44     0    0    0    0 -1 -1 -1 -1
  200  ....      8.698   1.096   2.38     0    0    0    0 -1 -1 -1 -1
  201  ....      8.742   1.173   2.32     0    0    0    0 -1 -1 -1 -1
  202  ....      8.785   1.249   2.26     0    0    0    0 -1 -1 -1 -1
  203  ....      8.828   1.322   2.20     0    0    0    0 -1 -1 -1 -1
  204  ....      8.871   1.393   2.14     0    0    0    0 -1 -1 -1 -1
  205  ....      8.915   1.462   2.08     0    0    0    0 -1 -1 -1 -1
  206  ....      8.958   1.530   2.02     0    0    0    0 -1 -1 -1 -1
  207  ....      9.001   1.595   1.96     0    0    0    0 -1 -1 -1 -1
  208  ....      9.044   1.658   1.90     0    0    0    0 -1 -1 -1 -1
  209  ....      9.088   1.719   1.84     0    0    0    0 -1 -1 -1 -1
  210  ....      9.131   1.778   1.78     0    0    0    0 -1 -1 -1 -1
  211  ....      9.174   1.836   1.72     0    0    0    0 -1 -1 -1 -1
  212  ....      9.218   1.891   1.66     0    0    0    0 -1 -1 -1 -1
  213  ....      9.261   1.944   1.60     0    0    0    0 -1 -1 -1 -1
  214  ....      9.304   1.995   1.54     0    0    0    0 -1 -1 -1 -1
  215  HOLD      9.347   2.045   1.48     0    0    0    0 -1 -1 -1 -1
  216  ....      9.391   2.092   1.42     0    0    0    0 -1 -1 -1 -1
  217  ....      9.434   2.137   1.36     0    0    0    0 -1 -1 -1 -1
  218  ....      9.477   2.180   1.30     0    0    0    0 -1 -1 -1 -1
  219  ....      9.520   2.222   1.24     0    0    0    0 -1 -1 -1 -1
  220  ....      9.564   2.261   1.18     0    0    0    0 -1 -1 -1 -1
  221  ....      9.607   2.298   1.12     0    0    0    0 -1 -1 -1 -1
  222  ....      9.650   2.333   1.06     0    0    0    0 -1 -1 -1 -1
  223  ....      9.694   2.367   1.00     0    0    0    0 -1 -1 -1 -1
  224  ....      9.737   2.398   0.94     0    0    0    0 -1 -1 -1 -1
  225  ....      9.780   2.427   0.88     0    0    0    0 -1 -1 -1 -1
  226  ....      9.823   2.455   0.82     0    0    0    0 -1 -1 -1 -1
  227  ....      9.867   2.480   0.76     0    0    0    0 -1 -1 -1 -1
  228  ....      9.910   2.503   0.70     0    0    0    0 -1 -1 -1 -1
  229  ....      9.953   2.525   0.64     0    0    0    0 -1 -1 -1 -1
  230  HOLD      9.997   2.544   0.58     0    0    0    0 -1 -1 -1 -1
  231  ....     10.040   2.561   0.52     0    0    0    0 -1 -1 -1 -1
  232  ....     10.083   2.576   0.46     0    0    0    0 -1 -1 -1 -1
  233  HOLD     10.126   2.590   0.40     0    0    0    0 -1 -1 -1 -1
  234  HOLD     10.170   2.601   0.34     0    0    0    0 -1 -1 -1 -1
  235  HOLD     10.213   2.610   0.28     0    0    0    0 -1 -1 -1 -1
  236  HOLD     10.256   2.618   0.22     0    0    0    0 -1 -1 -1 -1
  237  HOLD     10.299   2.623   0.16     0    0    0    0 -1 -1 -1 -1
  238  ....     10.343   2.626   0.10     0    0    0    0 -1 -1 -1 -1
  239  ....     10.386   2.628   0.04     0    0    0    0 -1 -1 -1 -1
  240  ....     10.429   2.627  -0.02     0    0    0    0 -1 -1 -1 -1
  241  ....     10.473   2.624  -0.08     0    0    0    0 -1 -1 -1 -1
  242  ....     10.516   2.620  -0.14     0    0    0    0 -1 -1 -1 -1
  243  ....     10.559   2.613  -0.20     0    0    0    0 -1 -1 -1 -1
  244  HOLD     10.602   2.604  -0.26     0    0    0    0 -1 -1 -1 -1
  245  HOLD     10.646   2.594  -0.32     0    0    0    0 -1 -1 -1 -1
  246  ....     10.689   2.581  -0.38     0    0    0    0 -1 -1 -1 -1
  247  ....     10.732   2.567  -0.44     0    0    0    0 -1 -1 -1 -1
  248  ....     10.775   2.550  -0.50     0    0    0    0 -1 -1 -1 -1
  249  HOLD     10.819   2.531  -0.56     0    0    0    0 -1 -1 -1 -1
  250  ....     10.862   2.511  -0.62     0    0    0    0 -1 -1 -1 -1
  251  ....     10.905   2.488  -0.68     0    0    0    0 -1 -1 -1 -1
  252  ....     10.949   2.463  -0.74     0    0    0    0 -1 -1 -1 -1
  253  HOLD     10.992   2.437  -0.80     0    0    0    0 -1 -1 -1 -1
  254  ....     11.035   2.408  -0.86     0    0    0    0 -1 -1 -1 -1
  255  ....     11.078   2.378  -0.92     0    0    0    0 -1 -1 -1 -1
  256  ....     11.122   2.345  -0.98     0    0    0    0 -1 -1 -1 -1
  257  ....     11.165   2.310  -1.04     0    0    0    0 -1 -1 -1 -1
  258  ....     11.208   2.274  -1.10     0    0    0    0 -1 -1 -1 -1
  259  ....     11.251   2.235  -1.16     0    0    0    0 -1 -1 -1 -1
  260  ....     11.295   2.195  -1.22     0    0    0    0 -1 -1 -1 -1
  261  ....     11.338   2.152  -1.28     0    0    0    0 -1 -1 -1 -1
  262  ....     11.381   2.108  -1.34     0    0    0    0 -1 -1 -1 -1
  263  ....     11.425   2.061  -1.40     0    0    0    0 -1 -1 -1 -1
  264  ....     11.468   2.012  -1.46     0    0    0    0 -1 -1 -1 -1
  265  ....     11.511   1.962  -1.52     0    0    0    0 -1 -1 -1 -1
  266  ....     11.554   1.909  -1.58     0    0    0    0 -1 -1 -1 -1
  267  ....     11.598   1.855   1.44     0    0    0    1 2 -1 2 -1
  268  ....     11.641   1.905   1.50     0    0    0    1 2 -1 -1 -1
  269  ....     11.684   1.957   1.56     0    0    0    1 2 -1 -1 -1
  270  HOLD     11.728   2.011   1.62     0    0    0    1 2 -1 -1 -1
  271  ....     11.771   2.067   1.68     0    0    0    1 2 -1 -1 -1
  272  ....     11.814   2.125   1.74     0    0    0    1 2 -1 -1 -1
  273  ....     11.857   2.185   1.80     0    0    0    1 2 -1 -1 -1
  274  ....     11.901   2.247   1.86     0    0    0    1 2 -1 -1 -1
  275  ....     11.944   2.311   1.92     0    0    0    1 2 -1 -1 -1
  276  ....     11.987   2.377   1.98     0    0    0    1 2 -1 -1 -1
  277  ....     12.030   2.445   2.04     0    0    0    1 2 -1 -1 -1
  278  ....     12.074   2.515   2.10     0    0    0    1 2 -1 -1 -1
  279  ....     12.117   2.586   2.16     0    0    0    1 2 -1 -1 -1
  280  ....     12.160   2.660   2.22     0    0    0    1 2 -1 -1 -1
  281  ....     12.204   2.736   2.28     0    0    0    1 2 -1 -1 -1
  282  ....     12.247   2.814   2.34     0    0    0    1 2 -1 -1 -1
  283  ....     12.290   2.894   2.40     0    0    0    1 2 -1 -1 -1
  284  ....     12.333   2.976   2.46     0    0    0    1 2 -1 -1 -1
  285  ....     12.377   3.060   2.52     0    0    0    1 2 -1 -1 -1
  286  ....     12.420   3.146   2.58     0    0    0    1 2 -1 -1 -1
  287  ....     12.463   3.234   2.64     0    0    0    1 2 -1 -1 -1
  288  ....     12.506   3.324   2.70     0    0    0    1 2 -1 -1 -1
  289  ....     12.550   3.416   2.76     0    0    0    1 2 -1 -1 -1
  290  ....     12.593   3.510   2.82     0    0    0    1 2 -1 -1 -1
  291  ....     12.636   3.606   2.88     0    0    0    1 2 -1 -1 -1
  292  ....     12.680   3.704   2.94     0    0    0    1 2 -1 -1 -1
  293  ....     12.723   3.803   3.00     0    0    0    1 2 -1 -1 -1
  294  ....     12.766   3.905   3.06     0    0    0    1 2 -1 -1 -1
  295  ....     12.809   4.009   3.12     0    0    0    1 2 -1 -1 -1
  296  ....     12.853   4.115   3.18     0    0    0    1 2 -1 -1 -1
  297  ....     12.896   4.223   3.24     0    0    0    1 2 -1 -1 -1
  298  ....     12.939   4.333   3.30     0    0    0    1 2 -1 -1 -1
  299  ....     12.982   4.445   3.36     0    0    0    1 2 -1 -1 -1
  300  ....     13.026   4.559   3.42     0    0    0    1 2 -1 -1 -1
  301  ....     13.069   4.675   3.48     0    0    0    1 2 -1 -1 -1
  302  ....     13.112   4.792   3.54     0    0    0    1 2 -1 -1 -1
  303  ....     13.156   4.912   3.60     0    0    0    1 2 -1 -1 -1
  304  HOLD     13.199   5.034   3.66     0    0    0    1 2 -1 -1 -1
  305  HOLD     13.242   5.158   3.72     0    0    0    1 2 -1 -1 -1
  306  HOLD     13.285   5.283   3.75     0    0    0    1 2 -1 -1 -1
  307  HOLD     13.329   5.408   3.75     0    0    0    1 2 -1 -1 -1
  308  HOLD     13.372   5.533   3.75     0    0    0    1 2 -1 -1 -1
  309  ....     13.415   5.658   3.75     0    0    0    1 2 -1 -1 -1
  310  ....     13.459   5.783   3.75     0    0    0    1 2 -1 -1 -1
  311  ....     13.502   5.908   3.75     0    0    0    1 2 -1 -1 -1
  312  ....     13.545   6.033   3.75     0    0    0    1 2 -1 -1 -1
  313  ....     13.588   6.158   3.75     0    0    0    1 2 -1 -1 -1
  314  ....     13.632   6.283   3.75     0    0    0    1 2 -1 -1 -1
  315  ....     13.675   6.408   3.75     0    0    0    1 2 -1 -1 -1
  316  ....     13.718   6.533   3.75     0    0    0    1 2 -1 -1 -1
  317  ....     13.761   6.658   3.75     0    0    0    1 2 -1 -1 -1
  318  ....     13.805   6.783   3.75     0    0    0    1 2 -1 -1 -1
  319  ....     13.848   6.908   3.75     0    0    0    1 2 -1 -1 -1
  320  ....     13.891   7.033   3.75     0    0    0    1 2 -1 -1 -1
  321  ....     13.935   7.158   3.75     0    0    0    1 2 -1 -1 -1
  322  ....     13.978   7.283   3.75     0    0    0    1 2 -1 -1 -1
  323  ....     14.021   7.408   3.75     0    0    0    1 2 -1 -1 -1
  324  HOLD     14.064   7.533  -2.80     0    0    0    1 2 12 12 -1
  325  ....     14.108   7.442  -2.74     0    0    0    1 2 12 -1 -1
  326  ....     14.151   7.353  -2.68     0    0    0    1 2 12 -1 -1
  327  ....     14.194   7.265  -2.62     0    0    0    1 2 12 -1 -1
  328  ....     14.237   7.180  -2.56     0    0    0    1 2 12 -1 -1
  329  ....     14.281   7.097  -2.50     0    0    0    1 2 12 -1 -1
  330  ....     14.324   7.016  -2.44     0    0    0    1 2 12 -1 -1
  331  ....     14.367   6.937  -2.38     0    0    0    1 2 12 -1 -1
  332  ....     14.411   6.859  -2.32     0    0    0    1 2 12 -1 -1
  333  ....     14.454   6.784  -2.26     0    0    0    1 2 12 -1 -1
  334  ....     14.497   6.711  -2.20     0    0    0    1 2 12 -1 -1
  335  ....     14.540   6.640  -2.14     0    0    0    1 2 12 -1 -1
  336  ....     14.584   6.571  -2.08     0    0    0    1 2 12 -1 -1
  337  ....     14.627   6.503  -2.02     0    0    0    1 2 12 -1 -1
  338  ....     14.670   6.438  -1.96     0    0    0    1 2 12 -1 -1
  339  ....     14.713   6.375  -1.90     0    0    0    1 2 12 -1 -1
  340  ....     14.757   6.314  -1.84     0    0    0    1 2 12 -1 -1
  341  ....     14.800   6.255  -1.78     0    0    0    1 2 12 -1 -1
  342  ....     14.843   6.197  -1.72     0    0    0    1 2 12 -1 -1
  343  ....     14.887   6.142  -1.66     0    0    0    1 2 12 -1 -1
  344  ....     14.930   6.089  -1.60     0    0    0    1 2 12 -1 -1
  345  ....     14.973   6.038  -1.54     0    0    0    1 2 12 -1 -1
  346  ....     15.016   5.988  -1.48     0    0    0    1 2 12 -1 -1
  347  ....     15.060   5.941  -1.42     0    0    0    1 2 12 -1 -1
  348  ....     15.103   5.896  -1.36     0    0    0    1 2 12 -1 -1
  349  ....     15.146   5.853  -1.30     0    0    0    1 2 12 -1 -1
  350  ....     15.190   5.811  -1.24     0    0    0    1 2 12 -1 -1
  351  ....     15.233   5.772  -1.18     0    0    0    1 2 12 -1 -1
  352  ....     15.276   5.735  -1.12     0    0    0    1 2 12 -1 -1
  353  ....     15.319   5.700  -1.06     0    0    0    1 2 12 -1 -1
  354  ....     15.363   5.666  -1.00     0    0    0    1 2 12 -1 -1
  355  ....     15.406   5.635  -0.94     0    0    0    1 2 12 -1 -1
  356  ....     15.449   5.606  -0.88     0    0    0    1 2 12 -1 -1
  357  ....     15.492   5.578  -0.82     0    0    0    1 2 12 -1 -1
  358  ....     15.536   5.553  -0.76     0    0    0    1 2 12 -1 -1
  359  ....     15.579   5.530  -0.70     0    0    0    1 2 12 -1 -1
  360  ....     15.622   5.508  -0.64     0    0    0    1 2 12 -1 -1
  361  ....     15.666   5.489  -0.58     0    0    0    1 2 12 -1 -1
  362  ....     15.709   5.472  -0.52     0    0    0    1 2 12 -1 -1
  363  ....     15.752   5.457  -0.46     0    0    0    1 2 12 -1 -1
  364  ....     15.795   5.443  -0.40     0    0    0    1 2 12 -1 -1
  365  ....     15.839   5.432  -0.34     0    0    0    1 2 12 -1 -1
  366  ....     15.882   5.423  -0.28     0    0    0    1 2 12 -1 -1
  367  ....     15.925   5.415  -0.22     0    0    0    1 2 12 -1 -1
  368  ....     15.968   5.410  -0.16     0    0    0    1 2 12 -1 -1
  369  ....     16.012   5.407  -0.10     0    0    0    1 2 12 -1 -1
  370  ....     16.055   5.405  -0.04     0    0    0    1 2 12 -1 -1
  371  ....     16.098   5.406   0.02     0    0    0    1 2 12 -1 -1
  372  ....     16.142   5.409   0.08     0    0    0    1 2 12 -1 -1
  373  ....     16.185   5.413   0.14     0    0    0    1 2 12 -1 -1
  374  ....     16.228   5.420   0.20     0    0    0    1 2 12 -1 -1
  375  ....     16.271   5.428   0.26     0    0    0    1 2 12 -1 -1
  376  ....     16.315   5.439   0.32     0    0    0    1 2 12 -1 -1
  377  ....     16.358   5.452   0.38     0    0    0    1 2 12 -1 -1
  378  ....     16.401   5.466   0.44     0    0    0    1 2 12 -1 -1
  379  ....     16.444   5.483   0.50     0    0    0    1 2 12 -1 -1
  380  ....     16.488   5.502   0.56     0    0    0    1 2 12 -1 -1
  381  ....     16.531   5.522   0.62     0    0    0    1 2 12 -1 -1
  382  ....     16.574   5.545   0.68     0    0    0    1 2 12 -1 -1
  383  ....     16.618   5.569   0.74     0    0    0    1 2 12 -1 -1
  384  ....     16.661   5.596   0.80     0    0    0    1 2 12 -1 -1
  385  ....     16.704   5.625   0.86     0    0    0    1 2 12 -1 -1
  386  ....     16.747   5.655   0.92     0    0    0    1 2 12 -1 -1
  387  ....     16.791   5.688   0.98     0    0    0    1 2 12 -1 -1
  388  ....     16.834   5.722   1.04     0    0    0    1 2 12 -1 -1
  389  ....     16.877   5.759   1.10     0    0    0    1 2 12 -1 -1
  390  ....     16.921   5.798   1.16     0    0    0    1 2 12 -1 -1
  391  ....     16.964   5.838   1.22     0    0    0    1 2 12 -1 -1
  392  ....     17.007   5.881   1.28     0    0    0    1 2 12 -1 -1
  393  ....     17.050   5.925   1.34     0    0    0    1 2 12 -1 -1
  394  ....     17.094   5.972   1.40     0    0    0    1 2 12 -1 -1
  395  ....     17.137   6.021   1.46     0    0    0    1 2 12 -1 -1
  396  ....     17.180   6.071   1.52     0    0    0    1 2 12 -1 -1
  397  ....     17.223   6.124   1.58     0    0    0    1 2 12 -1 -1
  398  ....     17.267   6.178   1.64     0    0    0    1 2 12 -1 -1
  399  ....     17.310   6.235   1.70     0    0    0    1 2 12 -1 -1
  400  ....     17.353   6.293   1.76     0    0    0    1 2 12 -1 -1
  401  HOLD     17.397   6.354   1.82     0    0    0    1 2 12 -1 -1
  402  HOLD     17.440   6.416   1.88     0    0    0    1 2 12 -1 -1
  403  HOLD     17.483   6.481   1.94     0    0    0    1 2 12 -1 -1
  404  HOLD     17.526   6.547   2.00     0    0    0    1 2 12 -1 -1
  405  HOLD     17.570   6.616   2.06     0    0    0    1 2 12 -1 -1
  406  HOLD     17.613   6.687   2.12     0    0    0    1 2 12 -1 -1
  407  HOLD     17.656   6.759   2.18     0    0    0    1 2 12 -1 -1
  408  HOLD     17.699   6.834   2.24     0    0    0    1 2 12 -1 -1
  409  HOLD     17.743   6.910   2.30     0    0    0    1 2 12 -1 -1
  410  HOLD     17.786   6.989   2.36     0    0    0    1 2 12 -1 -1
  411  HOLD     17.829   7.069   2.42     0    0    0    1 2 12 -1 -1
  412  HOLD     17.873   7.152   2.48     0    0    0    1 2 12 -1 -1
  413  HOLD     17.916   7.236   2.53     0    0    0    1 2 12 -1 -1
  414  ....     17.959   7.323   2.59     0    0    0    1 2 12 -1 -1
  415  ....     18.002   7.411   2.65     0    0    0    1 2 12 -1 -1
  416  ....     18.046   7.502   2.71     0    0    0    1 2 12 -1 -1
  417  ....     18.089   7.594   2.77     0    0    0    1 2 12 -1 -1
  418  ....     18.132   7.689   2.83     0    0    0    1 2 12 -1 -1
  419  ....     18.176   7.785   2.89     0    0    0    1 2 12 -1 -1
  420  ....     18.219   7.883   2.95     0    0    0    1 2 12 -1 -1
  421  ....     18.262   7.984   3.01     0    0    0    1 2 12 -1 -1
  422  ....     18.305   8.086   3.07     0    0    0    1 2 12 -1 -1
  423  ....     18.349   8.191   3.13     0    0    0    1 2 12 -1 -1
  424  ....     18.392   8.297   3.19     0    0    0    1 2 12 -1 -1
  425  ....     18.435   8.406   3.25     0    0    0    1 2 12 -1 -1
  426  HOLD     18.478   8.516  -1.01     0    0    0    0 2 27 27 -1
  427  HOLD     18.522   8.481  -1.07     0    0    0    0 2 27 -1 -1
  428  HOLD     18.565   8.443  -1.13     0    0    0    0 2 27 -1 -1
  429  ....     18.608   8.404  -1.19     0    0    0    0 2 27 -1 -1
  430  HOLD     18.652   8.362  -1.25     0    0    0    0 2 27 -1 -1
  431  ....     18.695   8.319  -1.31     0    0    0    0 2 27 -1 -1
  432  HOLD     18.738   8.273  -1.37     0    0    0    0 2 27 -1 -1
  433  HOLD     18.781   8.226  -1.43     0    0    0    0 2 27 -1 -1
  434  ....     18.825   8.176  -1.49     0    0    0    0 2 27 -1 -1
  435  HOLD     18.868   8.125  -1.55     0    0    0    0 2 27 -1 -1
  436  ....     18.911   8.071  -1.61     0    0    0    0 2 27 -1 -1
  437  ....     18.954   8.016  -1.66     0    0    0    0 2 27 -1 -1
  438  ....     18.998   7.958  -1.72     0    0    0    0 2 27 -1 -1
  439  HOLD     19.041   7.899  -1.78     0    0    0    0 2 27 -1 -1
  440  HOLD     19.084   7.837  -1.84     0    0    0    0 2 27 -1 -1
  441  HOLD     19.128   7.774  -1.90     0    0    0    0 2 27 -1 -1
  442  HOLD     19.171   7.708  -1.96     0    0    0    0 2 27 -1 -1
  443  ....     19.214   7.641  -2.02     0    0    0    0 2 27 -1 -1
  444  HOLD     19.257   7.571  -2.08     0    0    0    0 2 27 -1 -1
  445  ....     19.301   7.500  -2.14     0    0    0    0 2 27 -1 -1
  446  HOLD     19.344   7.426  -2.20     0    0    0    0 2 27 -1 -1
  447  ....     19.387   7.351  -2.26     0    0    0    0 2 27 -1 -1
  448  ....     19.431   7.273  -2.32     0    0    0    0 2 27 -1 -1
  449  ....     19.474   7.194  -2.38     0    0    0    0 2 27 -1 -1
  450  ....     19.517   7.112  -2.44     0    0    0    0 2 27 -1 -1
  451  HOLD     19.560   7.029  -2.50     0    0    0    0 2 27 -1 -1
  452  ....     19.604   6.944  -2.56     0    0    0    0 2 27 -1 -1
  453  HOLD     19.647   6.856  -2.62     0    0    0    0 2 27 -1 -1
  454  HOLD     19.690   6.767  -2.68     0    0    0    0 2 27 -1 -1
  455  HOLD     19.733   6.675  -2.74     0    0    0    0 2 27 -1 -1
  456  ....     19.777   6.582  -2.80     0    0    0    0 2 27 -1 -1
  457  ....     19.820   6.486  -2.86     0    0    0    0 2 27 -1 -1
  458  ....     19.863   6.389  -2.92     0    0    0    0 2 27 -1 -1
  459  ....     19.907   6.290  -2.98     0    0    0    0 2 27 -1 -1
  460  ....     19.950   6.188  -3.04     0    0    0    0 2 27 -1 -1
  461  ....     19.993   6.085  -3.10     0    0    0    0 2 27 -1 -1
  462  ....     20.036   5.979  -3.16     0    0    0    0 2 27 -1 -1
  463  ....     20.080   5.872  -3.22     0    0    0    0 2 27 -1 -1
  464  ....     20.123   5.763  -3.28     0    0    0    0 2 27 -1 -1
  465  HOLD     20.166   5.651  -3.34     0    0    0    0 2 27 -1 -1
  466  HOLD     20.209   5.538  -3.40     0    0    0    0 2 27 -1 -1
  467  ....     20.253   5.422  -3.46     0    0    0    0 2 27 -1 -1
  468  ....     20.296   5.305  -3.52     0    0    0    0 2 27 -1 -1
  469  ....     20.339   5.186  -3.58     0    0    0    0 2 27 -1 -1
  470  HOLD     20.383   5.064  -3.64     0    0    0    0 2 27 -1 -1
  471  ....     20.426   4.941  -3.70     0    0    0    0 2 27 -1 -1
  472  ....     20.469   4.816  -3.75     0    0    0    0 2 27 -1 -1
  473  HOLD     20.512   4.691  -3.75     0    0    0    0 2 27 -1 -1
  474  HOLD     20.556   4.566  -3.75     0    0    0    0 2 27 -1 -1
  475  HOLD     20.599   4.441  -3.75     0    0    0    0 2 27 -1 -1
  476  ....     20.642   4.316  -3.75     0    0    0    0 2 27 -1 -1
  477  ....     20.686   4.191  -3.75     0    0    0    0 2 27 -1 -1
  478  ....     20.729   4.066  -3.75     0    0    0    0 2 27 -1 -1
  479  HOLD     20.772   3.941  -3.75     0    0    0    0 2 27 -1 -1
  480  ....     20.815   3.816  -3.75     0    0    0    0 2 27 -1 -1
  481  HOLD     20.859   3.691   2.80     0    0    0    0 2 43 43 -1
  482  HOLD     20.902   3.782   2.74     0    0    0    0 2 43 -1 -1
  483  HOLD     20.945   3.871   2.68     0    0    0    0 2 43 -1 -1
  484  ....     20.988   3.958   2.62     0    0    0    0 2 43 -1 -1
  485  ....     21.032   4.044   2.56     0    0    0    0 2 43 -1 -1
  486  ....     21.075   4.127   2.50     0    0    0    0 2 43 -1 -1
  487  HOLD     21.118   4.208   2.44     0    0    0    0 2 43 -1 -1
  488  HOLD     21.162   4.287   2.38     0    0    0    0 2 43 -1 -1
  489  ....     21.205   4.364   2.32     0    0    0    0 2 43 -1 -1
  490  ....     21.248   4.440   2.26     0    0    0    0 2 43 -1 -1
  491  HOLD     21.291   4.513   2.20     0    0    0    0 2 43 -1 -1
  492  ....     21.335   4.584   2.14     0    0    0    0 2 43 -1 -1
  493  ....     21.378   4.653   2.08     0    0    0    0 2 43 -1 -1
  494  ....     21.421   4.720   2.02     0    0    0    0 2 43 -1 -1
  495  ....     21.464   4.786   1.96     0    0    0    0 2 43 -1 -1
  496  ....     21.508   4.849   1.90     0    0    0    0 2 43 -1 -1
  497  HOLD     21.551   4.910   1.84     0    0    0    0 2 43 -1 -1
  498  HOLD     21.594   4.969   1.78     0    0    0    0 2 43 -1 -1
  499  ....     21.638   5.026   1.72     0    0    0    0 2 43 -1 -1
  500  ....     21.681   5.082   1.66     0    0    0    0 2 43 -1 -1
  501  HOLD     21.724   5.135   1.60     0    0    0    0 2 43 -1 -1
  502  ....     21.767   5.186   1.54     0    0    0    0 2 43 -1 -1
  503  HOLD     21.811   5.235   1.48     0    0    0    0 2 43 -1 -1
  504  ....     21.854   5.283   1.42     0    0    0    0 2 43 -1 -1
  505  ....     21.897   5.328   1.36     0    0    0    0 2 43 -1 -1
  506  ....     21.941   5.371   1.30     0    0    0    0 2 43 -1 -1
  507  ....     21.984   5.412   1.24     0    0    0    0 2 43 -1 -1
  508  HOLD     22.027   5.452   1.18     0    0    0    0 2 43 -1 -1
  509  ....     22.070   5.489   1.12     0    0    0    0 2 43 -1 -1
  510  ....     22.114   5.524   1.06     0    0    0    0 2 43 -1 -1
  511  HOLD     22.157   5.558   1.00     0    0    0    0 2 43 -1 -1
  512  ....     22.200   5.589   0.94     0    0    0    0 2 43 -1 -1
  513  ....     22.243   5.618   0.88     0    0    0    0 2 43 -1 -1
  514  HOLD     22.287   5.645   0.82     0    0    0    0 2 43 -1 -1
  515  HOLD     22.330   5.671   0.76     0    0    0    0 2 43 -1 -1
  516  ....     22.373   5.694   0.70     0    0    0    0 2 43 -1 -1
  517  HOLD     22.417   5.715   0.64     0    0    0    0 2 43 -1 -1
  518  HOLD     22.460   5.735   0.58     0    0    0    0 2 43 -1 -1
  519  ....     22.503   5.752   0.52     0    0    0    0 2 43 -1 -1
  520  HOLD     22.546   5.767   0.46     0    0    0    0 2 43 -1 -1
  521  ....     22.590   5.781   0.40     0    0    0    0 2 43 -1 -1
  522  ....     22.633   5.792   0.34     0    0    0    0 2 43 -1 -1
  523  HOLD     22.676   5.801   0.28     0    0    0    0 2 43 -1 -1
  524  ....     22.719   5.809   0.22     0    0    0    0 2 43 -1 -1
  525  ....     22.763   5.814   0.16     0    0    0    0 2 43 -1 -1
  526  HOLD     22.806   5.817   0.10     0    0    0    0 2 43 -1 -1
  527  HOLD     22.849   5.819   0.04     0    0    0    0 2 43 -1 -1
  528  HOLD     22.893   5.818  -0.02     0    0    0    0 2 43 -1 -1
  529  HOLD     22.936   5.815  -0.08     0    0    0    0 2 43 -1 -1
  530  HOLD     22.979   5.811  -0.14     0    0    0    0 2 43 -1 -1
  531  ....     23.022   5.804  -0.20     0    0    0    0 2 43 -1 -1
  532  ....     23.066   5.795  -0.26     0    0    0    0 2 43 -1 -1
  533  ....     23.109   5.785  -0.32     0    0    0    0 2 43 -1 -1
  534  ....     23.152   5.772  -0.38     0    0    0    0 2 43 -1 -1
  535  HOLD     23.196   5.757  -0.44     0    0    0    0 2 43 -1 -1
  536  HOLD     23.239   5.741  -0.50     0    0    0    0 2 43 -1 -1
  537  ....     23.282   5.722  -0.56     0    0    0    0 2 43 -1 -1
  538  HOLD     23.325   5.702  -0.62     0    0    0    0 2 43 -1 -1
  539  HOLD     23.369   5.679  -0.68     0    0    0    0 2 43 -1 -1
  540  HOLD     23.412   5.654  -0.74     0    0    0    0 2 43 -1 -1
  541  HOLD     23.455   5.628  -0.80     0    0    0    0 2 43 -1 -1
  542  ....     23.498   5.599  -0.86     0    0    0    0 2 43 -1 -1
  543  HOLD     23.542   5.569  -0.92     0    0    0    0 2 43 -1 -1
  544  ....     23.585   5.536  -0.98     0    0    0    0 2 43 -1 -1
  545  ....     23.628   5.501  -1.04     0    0    0    0 2 43 -1 -1
  546  HOLD     23.672   5.465  -1.10     0    0    0    0 2 43 -1 -1
  547  HOLD     23.715   5.426  -1.16     0    0    0    0 2 43 -1 -1
  548  ....     23.758   5.386  -1.22     0    0    0    0 2 43 -1 -1
  549  HOLD     23.801   5.343  -1.28     0    0    0    0 2 43 -1 -1
  550  ....     23.845   5.298  -1.34     0    0    0    0 2 43 -1 -1
  551  ....     23.888   5.252  -1.40     0    0    0    0 2 43 -1 -1
  552  ....     23.931   5.203  -1.46     0    0    0    0 2 43 -1 -1
  553  ....     23.974   5.153  -1.52     0    0    0    0 2 43 -1 -1
  554  HOLD     24.018   5.100  -1.58     0    0    0    0 2 43 -1 -1
  555  ....     24.061   5.046  -1.64     0    0    0    0 2 43 -1 -1
  556  HOLD     24.104   4.989  -1.70     0    0    0    0 2 43 -1 -1
  557  ....     24.148   4.930  -1.76     0    0    0    0 2 43 -1 -1
  558  ....     24.191   4.870  -1.82     0    0    0    0 2 43 -1 -1
  559  ....     24.234   4.807  -1.88     0    0    0    0 2 43 -1 -1
  560  ....     24.277   4.743  -1.94     0    0    0    0 2 43 -1 -1
  561  HOLD     24.321   4.676  -2.00     0    0    0    0 2 43 -1 -1
  562  ....     24.364   4.608  -2.06     0    0    0    0 2 43 -1 -1
  563  ....     24.407   4.537  -2.12     0    0    0    0 2 43 -1 -1
  564  HOLD     24.451   4.500   0.00     1    0    0    0 2 43 57 -1
  565  ....     24.494   4.500   0.00     1    0    0    0 2 43 57 -1
  566  ....     24.537   4.500   0.00     1    0    0    0 2 43 54 -1
  567  ....     24.580   4.500   0.00     1    0    0    0 2 43 54 -1
  568  ....     24.624   4.500   0.00     1    0    0    0 2 43 54 -1
  569  ....     24.667   4.500   0.00     1    0    0    0 2 43 54 -1
  570  ....     24.710   4.500   0.00     1    0    0    0 2 43 54 -1
  571  ....     24.753   4.500   0.00     1    0    0    0 2 43 54 -1
  572  ....     24.797   4.500   0.00     1    0    0    0 2 43 54 -1
  573  ....     24.840   4.500   0.00     1    0    0    0 2 43 54 -1
  574  ....     24.883   4.500   0.00     1    0    0    0 2 43 54 -1
  575  ....     24.927   4.500   0.00     1    0    0    0 2 43 54 -1
  576  ....     24.970   4.500   0.00     1    0    0    0 2 43 54 -1
  577  ....     25.013   4.500   0.00     1    0    0    0 2 43 54 -1
  578  ....     25.056   4.500   0.00     1    0    0    0 2 43 54 -1
  579  ....     25.100   4.500   0.00     1    0    0    0 2 43 54 -1
  580  ....     25.143   4.500   0.00     1    0    0    0 2 43 54 -1
  581  ....     25.186   4.500   0.00     1    0    0    0 2 43 54 -1
  582  ....     25.229   4.500   0.00     1    0    0    0 2 43 54 -1
  583  ....     25.273   4.500   0.00     1    0    0    0 2 43 54 -1
  584  ....     25.316   4.500   0.00     1    0    0    0 2 43 54 -1
  585  ....     25.359   4.500   0.00     1    0    0    0 2 43 54 -1
  586  ....     25.403   4.500   0.00     1    0    0    0 2 43 54 -1
  587  ....     25.446   4.500   0.00     1    0    0    0 2 43 54 -1
  588  ....     25.489   4.500   0.00     1    0    0    0 2 43 54 -1
  589  ....     25.532   4.500   0.00     1    0    0    0 2 43 54 -1
  590  ....     25.576   4.500   0.00     1    0    0    0 2 43 54 -1
  591  ....     25.619   4.500   0.00     1    0    0    0 2 43 54 -1
  592  ....     25.662   4.500   0.00     1    0    0    0 2 43 54 -1
  593  ....     25.706   4.500   0.00     1    0    0    0 2 43 54 -1
  594  ....     25.749   4.500   0.00     1    0    0    0 2 43 54 -1
  595  ....     25.792   4.500   0.00     1    0    0    0 2 43 54 -1
  596  ....     25.835   4.500   0.00     1    0    0    0 2 43 54 -1
  597  ....     25.879   4.500   0.00     1    0    0    0 2 43 54 -1
  598  ....     25.922   4.500   0.00     1    0    0    0 2 43 54 -1
  599  ....     25.965   4.500   0.00     1    0    0    0 2 43 54 -1
  600  ....     26.008   4.500   0.00     1    0    0    0 2 43 54 -1
  601  ....     26.052   4.500   0.00     1    0    0    0 2 43 54 -1
  602  ....     26.095   4.500   0.00     1    0    0    0 2 43 54 -1
  603  ....     26.138   4.500   0.00     1    0    0    0 2 43 54 -1
  604  ....     26.182   4.500   0.00     1    0    0    0 2 43 54 -1
  605  ....     26.225   4.500   0.00     1    0    0    0 2 43 54 -1
  606  ....     26.268   4.500   0.00     1    0    0    0 2 43 54 -1
  607  ....     26.311   4.500   0.00     1    0    0    0 2 43 54 -1
  608  ....     26.355   4.500   0.00     1    0    0    0 2 43 54 -1
  609  ....     26.398   4.500   0.00     1    0    0    0 2 43 54 -1
  610  ....     26.441   4.500   0.00     1    0    0    0 2 43 54 -1
  611  ....     26.484   4.500   0.00     1    0    0    0 2 43 54 -1
  612  ....     26.528   4.500   0.00     1    0    0    0 2 43 58 -1
  613  ....     26.571   4.500   0.00     1    0    0    0 2 43 58 -1
  614  ....     26.614   4.500   0.00     1    0    0    0 2 43 58 -1
  615  ....     26.658   4.500   0.00     1    0    0    0 2 43 58 -1
  616  ....     26.701   4.500   0.00     1    0    0    0 2 43 58 -1
  617  ....     26.744   4.500   0.00     1    0    0    0 2 43 58 -1
  618  ....     26.787   4.500   0.00     1    0    0    0 2 43 58 -1
  619  ....     26.831   4.500   0.00     1    0    0    0 2 43 58 -1
  620  ....     26.874   4.500   0.00     1    0    0    0 2 43 58 -1
  621  ....     26.917   4.500   0.00     1    0    0    0 2 43 58 -1
  622  ....     26.961   4.500   0.00     1    0    0    0 2 43 58 -1
  623  ....     27.004   4.500   0.00     1    0    0    0 2 43 58 -1
  624  ....     27.047   4.500   0.00     1    0    0    0 2 43 58 -1
  625  ....     27.090   4.500   0.00     1    0    0    0 2 43 58 -1
  626  ....     27.134   4.500   0.00     1    0    0    0 2 43 58 -1
  627  ....     27.177   4.500   0.00     1    0    0    0 2 43 58 -1
  628  HOLD     27.220   4.591   2.74     0    0    0    0 2 43 -1 -1
  629  ....     27.263   4.680   2.68     0    0    0    0 2 43 -1 -1
  630  ....     27.307   4.768   2.62     0    0    0    0 2 43 -1 -1
  631  ....     27.350   4.853   2.56     0    0    0    0 2 43 -1 -1
  632  ....     27.393   4.936   2.50     0    0    0    0 2 43 -1 -1
  633  ....     27.437   5.017   2.44     0    0    0    0 2 43 -1 -1
  634  ....     27.480   5.096   2.38     0    0    0    0 2 43 -1 -1
  635  ....     27.523   5.173   2.32     0    0    0    0 2 43 -1 -1
  636  ....     27.566   5.249   2.26     0    0    0    0 2 43 -1 -1
  637  ....     27.610   5.322   2.20     0    0    0    0 2 43 -1 -1
  638  ....     27.653   5.393   2.14     0    0    0    0 2 43 -1 -1
  639  ....     27.696   5.462   2.08     0    0    0    0 2 43 -1 -1
  640  ....     27.739   5.530   2.02     0    0    0    0 2 43 -1 -1
  641  ....     27.783   5.595   1.96     0    0    0    0 2 43 -1 -1
  642  ....     27.826   5.658   1.90     0    0    0    0 2 43 -1 -1
  643  ....     27.869   5.719   1.84     0    0    0    0 2 43 -1 -1
  644  ....     27.913   5.778   1.78     0    0    0    0 2 43 -1 -1
  645  ....     27.956   5.836   1.72     0    0    0    0 2 43 -1 -1
  646  ....     27.999   5.891   1.66     0    0    0    0 2 43 -1 -1
  647  ....     28.042   5.944   1.60     0    0    0    0 2 43 -1 -1
  648  ....     28.086   5.995   1.54     0    0    0    0 2 43 -1 -1
  649  ....     28.129   6.045   1.48     0    0    0    0 2 43 -1 -1
  650  HOLD     28.172   6.092   1.42     0    0    0    0 2 43 -1 -1
  651  ....     28.216   6.137   1.36     0    0    0    0 2 43 -1 -1
  652  ....     28.259   6.180   1.30     0    0    0    0 2 43 -1 -1
  653  ....     28.302   6.222   1.24     0    0    0    0 2 43 -1 -1
  654  ....     28.345   6.261   1.18     0    0    0    0 2 43 -1 -1
  655  ....     28.389   6.298   1.12     0    0    0    0 2 43 -1 -1
  656  ....     28.432   6.333   1.06     0    0    0    0 2 43 -1 -1
  657  ....     28.475   6.367   1.00     0    0    0    0 2 43 -1 -1
  658  ....     28.518   6.398   0.94     0    0    0    0 2 43 -1 -1
  659  ....     28.562   6.427   0.88     0    0    0    0 2 43 -1 -1
  660  ....     28.605   6.455   0.82     0    0    0    0 2 43 -1 -1
  661  HOLD     28.648   6.480   0.76     0    0    0    0 2 43 -1 -1
  662  ....     28.692   6.503   0.70     0    0    0    0 2 43 -1 -1
  663  ....     28.735   6.524   0.64     0    0    0    0 2 43 -1 -1
  664  ....     28.778   6.544   0.58     0    0    0    0 2 43 -1 -1
  665  ....     28.821   6.561   0.52     0    0    0    0 2 43 -1 -1
  666  HOLD     28.865   6.576   0.46     0    0    0    0 2 43 -1 -1
  667  HOLD     28.908   6.590   0.40     0    0    0    0 2 43 -1 -1
  668  HOLD     28.951   6.601   0.34     0    0    0    0 2 43 -1 -1
  669  HOLD     28.994   6.610   0.28     0    0    0    0 2 43 -1 -1
  670  HOLD     29.038   6.618   0.22     0    0    0    0 2 43 -1 -1
  671  ....     29.081   6.623   0.16     0    0    0    0 2 43 -1 -1
  672  HOLD     29.124   6.626   0.10     0    0    0    0 2 43 -1 -1
  673  HOLD     29.168   6.628   0.04     0    0    0    0 2 43 -1 -1
  674  HOLD     29.211   6.627  -0.02     0    0    0    0 2 43 -1 -1
  675  HOLD     29.254   6.624  -0.08     0    0    0    0 2 43 -1 -1
  676  HOLD     29.297   6.620  -0.14     0    0    0    0 2 43 -1 -1
  677  HOLD     29.341   6.613  -0.20     0    0    0    0 2 43 -1 -1
  678  HOLD     29.384   6.604  -0.26     0    0    0    0 2 43 -1 -1
  679  HOLD     29.427   6.594  -0.32     0    0    0    0 2 43 -1 -1
  680  HOLD     29.471   6.581  -0.38     0    0    0    0 2 43 -1 -1
  681  HOLD     29.514   6.567  -0.44     0    0    0    0 2 43 -1 -1
  682  HOLD     29.557   6.550  -0.50     0    0    0    0 2 43 -1 -1
  683  HOLD     29.600   6.531  -0.56     0    0    0    0 2 43 -1 -1
  684  HOLD     29.644   6.511  -0.62     0    0    0    0 2 43 -1 -1
  685  HOLD     29.687   6.488  -0.68     0    0    0    0 2 43 -1 -1
  686  HOLD     29.730   6.463  -0.74     0    0    0    0 2 43 -1 -1
  687  HOLD     29.773   6.437  -0.80     0    0    0    0 2 43 -1 -1
  688  HOLD     29.817   6.408  -0.86     0    0    0    0 2 43 -1 -1
  689  HOLD     29.860   6.378  -0.92     0    0    0    0 2 43 -1 -1
  690  HOLD     29.903   6.345  -0.98     0    0    0    0 2 43 -1 -1
  691  HOLD     29.947   6.310  -1.04     0    0    0    0 2 43 -1 -1
  692  HOLD     29.990   6.274  -1.10     0    0    0    0 2 43 -1 -1
  693  HOLD     30.033   6.235  -1.16     0    0    0    0 2 43 -1 -1
  694  HOLD     30.076   6.195  -1.22     0    0    0    0 2 43 -1 -1
  695  HOLD     30.120   6.152  -1.28     0    0    0    0 2 43 -1 -1
  696  HOLD     30.163   6.108  -1.34     0    0    0    0 2 43 -1 -1
  697  HOLD     30.206   6.061  -1.40     0    0    0    0 2 43 -1 -1
  698  HOLD     30.249   6.012  -1.46     0    0    0    0 2 43 -1 -1
  699  HOLD     30.293   5.962  -1.52     0    0    0    0 2 43 -1 -1
  700  HOLD     30.336   5.909  -1.58     0    0    0    0 2 43 -1 -1
  701  HOLD     30.379   5.855  -1.64     0    0    0    0 2 43 -1 -1
  702  HOLD     30.423   5.798  -1.70     0    0    0    0 2 43 -1 -1
  703  HOLD     30.466   5.740  -1.76     0    0    0    0 2 43 -1 -1
  704  HOLD     30.509   5.679  -1.82     0    0    0    0 2 43 -1 -1
  705  HOLD     30.552   5.617  -1.88     0    0    0    0 2 43 -1 -1
  706  HOLD     30.596   5.552  -1.94     0    0    0    0 2 43 -1 -1
  707  HOLD     30.639   5.485  -2.00     0    0    0    0 2 43 -1 -1
  708  HOLD     30.682   5.417  -2.06     0    0    0    0 2 43 -1 -1
  709  HOLD     30.726   5.346  -2.12     0    0    0    0 2 43 -1 -1
  710  HOLD     30.769   5.274  -2.18     0    0    0    0 2 43 -1 -1
  711  HOLD     30.812   5.199  -2.24     0    0    0    0 2 43 -1 -1
  712  HOLD     30.855   5.123  -2.30     0    0    0    0 2 43 -1 -1
  713  ....     30.899   5.044  -2.36     0    0    0    0 2 43 -1 -1
  714  HOLD     30.942   4.964   1.01     0    0    0    1 2 85 85 -1
  715  HOLD     30.985   4.999   1.07     0    0    0    1 2 85 -1 -1
  716  HOLD     31.028   5.037   1.13     0    0    0    1 2 85 -1 -1
  717  ....     31.072   5.076   1.19     0    0    0    1 2 85 -1 -1
  718  ....     31.115   5.118   1.25     0    0    0    1 2 85 -1 -1
  719  ....     31.158   5.162   1.31     0    0    0    1 2 85 -1 -1
  720  ....     31.202   5.207   1.37     0    0    0    1 2 85 -1 -1
  721  ....     31.245   5.255   1.43     0    0    0    1 2 85 -1 -1
  722  ....     31.288   5.304   1.49     0    0    0    1 2 85 -1 -1
  723  ....     31.331   5.356   1.55     0    0    0    1 2 85 -1 -1
  724  ....     31.375   5.409   1.61     0    0    0    1 2 85 -1 -1
  725  ....     31.418   5.465   1.66     0    0    0    1 2 85 -1 -1
  726  ....     31.461   5.522   1.72     0    0    0    1 2 85 -1 -1
  727  ....     31.505   5.582   1.78     0    0    0    1 2 85 -1 -1
  728  ....     31.548   5.643   1.84     0    0    0    1 2 85 -1 -1
  729  ....     31.591   5.707   1.90     0    0    0    1 2 85 -1 -1
  730  ....     31.634   5.772   1.96     0    0    0    1 2 85 -1 -1
  731  ....     31.678   5.839   2.02     0    0    0    1 2 85 -1 -1
  732  ....     31.721   5.909   2.08     0    0    0    1 2 85 -1 -1
  733  ....     31.764   5.980   2.14     0    0    0    1 2 85 -1 -1
  734  ....     31.807   6.054   2.20     0    0    0    1 2 85 -1 -1
  735  ....     31.851   6.129   2.26     0    0    0    1 2 85 -1 -1
  736  ....     31.894   6.207   2.32     0    0    0    1 2 85 -1 -1
  737  ....     31.937   6.286   2.38     0    0    0    1 2 85 -1 -1
  738  ....     31.981   6.368   2.44     0    0    0    1 2 85 -1 -1
  739  ....     32.024   6.451   2.50     0    0    0    1 2 85 -1 -1
  740  ....     32.067   6.537   2.56     0    0    0    1 2 85 -1 -1
  741  ....     32.110   6.624   2.62     0    0    0    1 2 85 -1 -1
  742  ....     32.154   6.713   2.68     0    0    0    1 2 85 -1 -1
  743  ....     32.197   6.805   2.74     0    0    0    1 2 85 -1 -1
  744  ....     32.240   6.898   2.80     0    0    0    1 2 85 -1 -1
  745  ....     32.283   6.994   2.86     0    0    0    1 2 85 -1 -1
  746  ....     32.327   7.091   2.92     0    0    0    1 2 85 -1 -1
  747  ....     32.370   7.191   2.98     0    0    0    1 2 85 -1 -1
  748  ....     32.413   7.292   3.04     0    0    0    1 2 85 -1 -1
  749  ....     32.457   7.395   3.10     0    0    0    1 2 85 -1 -1
  750  ....     32.500   7.501   3.16     0    0    0    1 2 85 -1 -1
  751  ....     32.543   7.608   3.22     0    0    0    1 2 85 -1 -1
  752  ....     32.586   7.718   3.28     0    0    0    1 2 85 -1 -1
  753  ....     32.630   7.829   3.34     0    0    0    1 2 85 -1 -1
  754  ....     32.673   7.942   3.40     0    0    0    1 2 85 -1 -1
  755  ....     32.716   8.058   3.46     0    0    0    1 2 85 -1 -1
  756  ....     32.760   8.175   3.52     0    0    0    1 2 85 -1 -1
  757  ....     32.803   8.295   3.58     0    0    0    1 2 85 -1 -1
  758  ....     32.846   8.416   3.64     0    0    0    1 2 85 -1 -1
  759  ....     32.889   8.539   3.70     0    0    0    1 2 85 -1 -1
  760  ....     32.933   8.664   3.75     0    0    0    1 2 85 -1 -1
  761  ....     32.976   8.789   3.75     0    0    0    1 2 85 -1 -1
  762  ....     33.019   8.914   3.75     0    0    0    1 2 85 -1 -1
  763  ....     33.062   9.039   3.75     0    0    0    1 2 85 -1 -1
  764  ....     33.106   9.164   3.75     0    0    0    1 2 85 -1 -1
  765  ....     33.149   9.289   3.75     0    0    0    1 2 85 -1 -1
  766  ....     33.192   9.414   3.75     0    0    0    1 2 85 -1 -1
  767  HOLD     33.236   9.539  -1.01     0    0    0    0 2 86 86 -1
  768  ....     33.279   9.504  -1.07     0    0    0    0 2 86 -1 -1
  769  ....     33.322   9.466  -1.13     0    0    0    0 2 86 -1 -1
  770  ....     33.365   9.427  -1.19     0    0    0    0 2 86 -1 -1
  771  HOLD     33.409   9.385  -1.25     0    0    0    0 2 86 -1 -1
  772  HOLD     33.452   9.342  -1.31     0    0    0    0 2 86 -1 -1
  773  HOLD     33.495   9.296  -1.37     0    0    0    0 2 86 -1 -1
  774  HOLD     33.538   9.249  -1.43     0    0    0    0 2 86 -1 -1
  775  ....     33.582   9.199  -1.49     0    0    0    0 2 86 -1 -1
  776  ....     33.625   9.148  -1.55     0    0    0    0 2 86 -1 -1
  777  ....     33.668   9.094  -1.61     0    0    0    0 2 86 -1 -1
  778  ....     33.712   9.039  -1.66     0    0    0    0 2 86 -1 -1
  779  HOLD     33.755   8.981  -1.72     0    0    0    0 2 86 -1 -1
  780  ....     33.798   8.922  -1.78     0    0    0    0 2 86 -1 -1
  781  ....     33.841   8.860  -1.84     0    0    0    0 2 86 -1 -1
  782  ....     33.885   8.797  -1.90     0    0    0    0 2 86 -1 -1
  783  ....     33.928   8.731  -1.96     0    0    0    0 2 86 -1 -1
  784  ....     33.971   8.664  -2.02     0    0    0    0 2 86 -1 -1
  785  ....     34.015   8.594  -2.08     0    0    0    0 2 86 -1 -1
  786  ....     34.058   8.523  -2.14     0    0    0    0 2 86 -1 -1
  787  HOLD     34.101   8.449  -2.20     0    0    0    0 2 86 -1 -1
  788  HOLD     34.144   8.374  -2.26     0    0    0    0 2 86 -1 -1
  789  ....     34.188   8.296  -2.32     0    0    0    0 2 86 -1 -1
  790  ....     34.231   8.217  -2.38     0    0    0    0 2 86 -1 -1
  791  ....     34.274   8.135  -2.44     0    0    0    0 2 86 -1 -1
  792  ....     34.317   8.052  -2.50     0    0    0    0 2 86 -1 -1
  793  ....     34.361   7.967  -2.56     0    0    0    0 2 86 -1 -1
  794  ....     34.404   7.879  -2.62     0    0    0    0 2 86 -1 -1
  795  HOLD     34.447   7.790  -2.68     0    0    0    0 2 86 -1 -1
  796  HOLD     34.491   7.698  -2.74     0    0    0    0 2 86 -1 -1
  797  ....     34.534   7.605  -2.80     0    0    0    0 2 86 -1 -1
  798  HOLD     34.577   7.509  -2.86     0    0    0    0 2 86 -1 -1
  799  HOLD     34.620   7.412  -2.92     0    0    0    0 2 86 -1 -1
  800  ....     34.664   7.313  -2.98     0    0    0    0 2 86 -1 -1
  801  ....     34.707   7.211  -3.04     0    0    0    0 2 86 -1 -1
  802  ....     34.750   7.108  -3.10     0    0    0    0 2 86 -1 -1
  803  ....     34.793   7.002  -3.16     0    0    0    0 2 86 -1 -1
  804  ....     34.837   6.895  -3.22     0    0    0    0 2 86 -1 -1
  805  ....     34.880   6.786  -3.28     0    0    0    0 2 86 -1 -1
  806  HOLD     34.923   6.674  -3.34     0    0    0    0 2 86 -1 -1
  807  HOLD     34.967   6.561  -3.40     0    0    0    0 2 86 -1 -1
  808  HOLD     35.010   6.445  -3.46     0    0    0    0 2 86 -1 -1
  809  ....     35.053   6.328  -3.52     0    0    0    0 2 86 -1 -1
  810  HOLD     35.096   6.209  -3.58     0    0    0    0 2 86 -1 -1
  811  HOLD     35.140   6.087  -3.64     0    0    0    0 2 86 -1 -1
  812  ....     35.183   5.964  -3.70     0    0    0    0 2 86 -1 -1
  813  ....     35.226   5.839  -3.75     0    0    0    0 2 86 -1 -1
  814  ....     35.269   5.714  -3.75     0    0    0    0 2 86 -1 -1
  815  ....     35.313   5.589  -3.75     0    0    0    0 2 86 -1 -1
  816  ....     35.356   5.464  -3.75     0    0    0    0 2 86 -1 -1
  817  ....     35.399   5.339  -3.75     0    0    0    0 2 86 -1 -1
  818  ....     35.443   5.214  -3.75     0    0    0    0 2 86 -1 -1
  819  HOLD     35.486   5.089   2.80     0    0    0    0 2 98 98 -1
  820  ....     35.529   5.180   2.74     0    0    0    0 2 98 -1 -1
  821  ....     35.572   5.269   2.68     0    0    0    0 2 98 -1 -1
  822  ....     35.616   5.356   2.62     0    0    0    0 2 98 -1 -1
  823  ....     35.659   5.442   2.56     0    0    0    0 2 98 -1 -1
  824  ....     35.702   5.525   2.50     0    0    0    0 2 98 -1 -1
  825  ....     35.745   5.606   2.44     0    0    0    0 2 98 -1 -1
  826  ....     35.789   5.685   2.38     0    0    0    0 2 98 -1 -1
  827  ....     35.832   5.762   2.32     0    0    0    0 2 98 -1 -1
  828  ....     35.875   5.838   2.26     0    0    0    0 2 98 -1 -1
  829  ....     35.919   5.911   2.20     0    0    0    0 2 98 -1 -1
  830  ....     35.962   5.982   2.14     0    0    0    0 2 98 -1 -1
  831  ....     36.005   6.051   2.08     0    0    0    0 2 98 -1 -1
  832  ....     36.048   6.118   2.02     0    0    0    0 2 98 -1 -1
  833  ....     36.092   6.184   1.96     0    0    0    0 2 98 -1 -1
  834  ....     36.135   6.247   1.90     0    0    0    0 2 98 -1 -1
  835  ....     36.178   6.308   1.84     0    0    0    0 2 98 -1 -1
  836  ....     36.221   6.367   1.78     0    0    0    0 2 98 -1 -1
  837  ....     36.265   6.425   1.72     0    0    0    0 2 98 -1 -1
  838  HOLD     36.308   6.480   1.66     0    0    0    0 2 98 -1 -1
  839  ....     36.351   6.533   1.60     0    0    0    0 2 98 -1 -1
  840  ....     36.395   6.584   1.54     0    0    0    0 2 98 -1 -1
  841  ....     36.438   6.633   1.48     0    0    0    0 2 98 -1 -1
  842  ....     36.481   6.681   1.42     0    0    0    0 2 98 -1 -1
  843  ....     36.524   6.726   1.36     0    0    0    0 2 98 -1 -1
  844  ....     36.568   6.769   1.30     0    0    0    0 2 98 -1 -1
  845  ....     36.611   6.811   1.24     0    0    0    0 2 98 -1 -1
  846  ....     36.654   6.850   1.18     0    0    0    0 2 98 -1 -1
  847  HOLD     36.697   6.887   1.12     0    0    0    0 2 98 -1 -1
  848  HOLD     36.741   6.922   1.06     0    0    0    0 2 98 -1 -1
  849  ....     36.784   6.956   1.00     0    0    0    0 2 98 -1 -1
  850  HOLD     36.827   6.987   0.94     0    0    0    0 2 98 -1 -1
  851  ....     36.871   7.016   0.88     0    0    0    0 2 98 -1 -1
  852  HOLD     36.914   7.043   0.82     0    0    0    0 2 98 -1 -1
  853  ....     36.957   7.069   0.76     0    0    0    0 2 98 -1 -1
  854  ....     37.000   7.092   0.70     0    0    0    0 2 98 -1 -1
  855  ....     37.044   7.113   0.64     0    0    0    0 2 98 -1 -1
  856  ....     37.087   7.133   0.58     0    0    0    0 2 98 -1 -1
  857  ....     37.130   7.150   0.52     0    0    0    0 2 98 -1 -1
  858  HOLD     37.174   7.165   0.46     0    0    0    0 2 98 -1 -1
  859  HOLD     37.217   7.179   0.40     0    0    0    0 2 98 -1 -1
  860  HOLD     37.260   7.190   0.34     0    0    0    0 2 98 -1 -1
  861  ....     37.303   7.199   0.28     0    0    0    0 2 98 -1 -1
  862  ....     37.347   7.207   0.22     0    0    0    0 2 98 -1 -1
  863  ....     37.390   7.212   0.16     0    0    0    0 2 98 -1 -1
  864  HOLD     37.433   7.215   0.10     0    0    0    0 2 98 -1 -1
  865  HOLD     37.476   7.217   0.04     0    0    0    0 2 98 -1 -1
  866  ....     37.520   7.216  -0.02     0    0    0    0 2 98 -1 -1
  867  ....     37.563   7.213  -0.08     0    0    0    0 2 98 -1 -1
  868  ....     37.606   7.209  -0.14     0    0    0    0 2 98 -1 -1
  869  ....     37.650   7.202  -0.20     0    0    0    0 2 98 -1 -1
  870  ....     37.693   7.193  -0.26     0    0    0    0 2 98 -1 -1
  871  HOLD     37.736   7.183  -0.32     0    0    0    0 2 98 -1 -1
  872  HOLD     37.779   7.170  -0.38     0    0    0    0 2 98 -1 -1
  873  ....     37.823   7.155  -0.44     0    0    0    0 2 98 -1 -1
  874  HOLD     37.866   7.139  -0.50     0    0    0    0 2 98 -1 -1
  875  HOLD     37.909   7.120  -0.56     0    0    0    0 2 98 -1 -1
  876  HOLD     37.952   7.100  -0.62     0    0    0    0 2 98 -1 -1
  877  HOLD     37.996   7.077  -0.68     0    0    0    0 2 98 -1 -1
  878  ....     38.039   7.052  -0.74     0    0    0    0 2 98 -1 -1
  879  HOLD     38.082   7.026  -0.80     0    0    0    0 2 98 -1 -1
  880  HOLD     38.126   6.997  -0.86     0    0    0    0 2 98 -1 -1
  881  HOLD     38.169   6.967  -0.92     0    0    0    0 2 98 -1 -1
  882  ....     38.212   6.934  -0.98     0    0    0    0 2 98 -1 -1
  883  HOLD     38.255   6.899  -1.04     0    0    0    0 2 98 -1 -1
  884  HOLD     38.299   6.863  -1.10     0    0    0    0 2 98 -1 -1
  885  HOLD     38.342   6.824  -1.16     0    0    0    0 2 98 -1 -1
  886  ....     38.385   6.784  -1.22     0    0    0    0 2 98 -1 -1
  887  HOLD     38.428   6.741  -1.28     0    0    0    0 2 98 -1 -1
  888  HOLD     38.472   6.696  -1.34     0    0    0    0 2 98 -1 -1
  889  ....     38.515   6.650  -1.40     0    0    0    0 2 98 -1 -1
  890  ....     38.558   6.601  -1.46     0    0    0    0 2 98 -1 -1
  891  HOLD     38.602   6.551  -1.52     0    0    0    0 2 98 -1 -1
  892  ....     38.645   6.498  -1.58     0    0    0    0 2 98 -1 -1
  893  HOLD     38.688   6.444  -1.64     0    0    0    0 2 98 -1 -1
  894  HOLD     38.731   6.387  -1.70     0    0    0    0 2 98 -1 -1
  895  ....     38.775   6.329  -1.76     0    0    0    0 2 98 -1 -1
  896  ....     38.818   6.268  -1.82     0    0    0    0 2 98 -1 -1
  897  ....     38.861   6.205  -1.88     0    0    0    0 2 98 -1 -1
  898  HOLD     38.904   6.167   0.00     1    0    0    0 2 98 113 -1
  899  ....     38.948   6.167   0.00     1    0    0    0 2 98 113 -1
  900  ....     38.991   6.167   0.00     1    0    0    0 2 98 113 -1
  901  ....     39.034   6.167   0.00     1    0    0    0 2 98 113 -1
  902  ....     39.078   6.167   0.00     1    0    0    0 2 98 113 -1
  903  ....     39.121   6.167   0.00     1    0    0    0 2 98 113 -1
  904  ....     39.164   6.167   0.00     1    0    0    0 2 98 113 -1
  905  ....     39.207   6.167   0.00     1    0    0    0 2 98 113 -1
  906  ....     39.251   6.167   0.00     1    0    0    0 2 98 113 -1
  907  ....     39.294   6.167   0.00     1    0    0    0 2 98 113 -1
  908  ....     39.337   6.167   0.00     1    0    0    0 2 98 113 -1
  909  ....     39.380   6.167   0.00     1    0    0    0 2 98 113 -1
  910  ....     39.424   6.167   0.00     1    0    0    0 2 98 113 -1
  911  ....     39.467   6.167   0.00     1    0    0    0 2 98 113 -1
  912  ....     39.510   6.165  -0.06     0    0    0    0 2 98 -1 -1
  913  HOLD     39.554   6.161  -0.12     0    0    0    0 2 98 -1 -1
  914  HOLD     39.597   6.155  -0.18     0    0    0    0 2 98 -1 -1
  915  ....     39.640   6.147  -0.24     0    0    0    0 2 98 -1 -1
  916  ....     39.683   6.137  -0.30     0    0    0    0 2 98 -1 -1
  917  ....     39.727   6.125  -0.36     0    0    0    0 2 98 -1 -1
  918  HOLD     39.770   6.111  -0.42     0    0    0    0 2 98 -1 -1
  919  ....     39.813   6.095  -0.48     0    0    0    0 2 98 -1 -1
  920  ....     39.856   6.077  -0.54     0    0    0    0 2 98 -1 -1
  921  ....     39.900   6.057  -0.60     0    0    0    0 2 98 -1 -1
  922  HOLD     39.943   6.035  -0.66     0    0    0    0 2 98 -1 -1
  923  ....     39.986   6.011  -0.72     0    0    0    0 2 98 -1 -1
  924  HOLD     40.030   5.985  -0.78     0    0    0    0 2 98 -1 -1
  925  HOLD     40.073   5.957  -0.84     0    0    0    0 2 98 -1 -1
  926  HOLD     40.116   5.927  -0.90     0    0    0    0 2 98 -1 -1
  927  HOLD     40.159   5.895  -0.96     0    0    0    0 2 98 -1 -1
  928  HOLD     40.203   5.861  -1.02     0    0    0    0 2 98 -1 -1
  929  HOLD     40.246   5.825  -1.08     0    0    0    0 2 98 -1 -1
  930  HOLD     40.289   5.787  -1.14     0    0    0    0 2 98 -1 -1
  931  HOLD     40.333   5.747  -1.20     0    0    0    0 2 98 -1 -1
  932  HOLD     40.376   5.706  -1.26     0    0    0    0 2 98 -1 -1
  933  HOLD     40.419   5.662  -1.32     0    0    0    0 2 98 -1 -1
  934  HOLD     40.462   5.616  -1.38     0    0    0    0 2 98 -1 -1
  935  HOLD     40.506   5.568  -1.44     0    0    0    0 2 98 -1 -1
  936  HOLD     40.549   5.518  -1.50     0    0    0    0 2 98 -1 -1
  937  HOLD     40.592   5.466  -1.56     0    0    0    0 2 98 -1 -1
  938  HOLD     40.635   5.412  -1.62     0    0    0    0 2 98 -1 -1
  939  ....     40.679   5.356  -1.68     0    0    0    0 2 98 -1 -1
  940  HOLD     40.722   5.298   2.80     0    0    0    0 2 144 144 -1
  941  ....     40.765   5.389   2.74     0    0    0    0 2 144 -1 -1
  942  ....     40.809   5.479   2.68     0    0    0    0 2 144 -1 -1
  943  ....     40.852   5.566   2.62     0    0    0    0 2 144 -1 -1
  944  ....     40.895   5.651   2.56     0    0    0    0 2 144 -1 -1
  945  ....     40.938   5.734   2.50     0    0    0    0 2 144 -1 -1
  946  ....     40.982   5.815   2.44     0    0    0    0 2 144 -1 -1
  947  ....     41.025   5.895   2.38     0    0    0    0 2 144 -1 -1
  948  ....     41.068   5.972   2.32     0    0    0    0 2 144 -1 -1
  949  ....     41.111   6.047   2.26     0    0    0    0 2 144 -1 -1
  950  ....     41.155   6.120   2.20     0    0    0    0 2 144 -1 -1
  951  ....     41.198   6.191   2.14     0    0    0    0 2 144 -1 -1
  952  ....     41.241   6.261   2.08     0    0    0    0 2 144 -1 -1
  953  ....     41.285   6.328   2.02     0    0    0    0 2 144 -1 -1
  954  ....     41.328   6.393   1.96     0    0    0    0 2 144 -1 -1
  955  ....     41.371   6.456   1.90     0    0    0    0 2 144 -1 -1
  956  ....     41.414   6.517   1.84     0    0    0    0 2 144 -1 -1
  957  HOLD     41.458   6.577   1.78     0    0    0    0 2 144 -1 -1
  958  ....     41.501   6.634   1.72     0    0    0    0 2 144 -1 -1
  959  HOLD     41.544   6.689   1.66     0    0    0    0 2 144 -1 -1
  960  ....     41.587   6.742   1.60     0    0    0    0 2 144 -1 -1
  961  ....     41.631   6.794   1.54     0    0    0    0 2 144 -1 -1
  962  ....     41.674   6.843   1.48     0    0    0    0 2 144 -1 -1
  963  ....     41.717   6.890   1.42     0    0    0    0 2 144 -1 -1
  964  ....     41.761   6.935   1.36     0    0    0    0 2 144 -1 -1
  965  ....     41.804   6.979   1.30     0    0    0    0 2 144 -1 -1
  966  ....     41.847   7.020   1.24     0    0    0    0 2 144 -1 -1
  967  ....     41.890   7.059   1.18     0    0    0    0 2 144 -1 -1
  968  ....     41.934   7.096   1.12     0    0    0    0 2 144 -1 -1
  969  ....     41.977   7.132   1.06     0    0    0    0 2 144 -1 -1
  970  ....     42.020   7.165   1.00     0    0    0    0 2 144 -1 -1
  971  ....     42.063   7.196   0.94     0    0    0    0 2 144 -1 -1
  972  ....     42.107   7.226   0.88     0    0    0    0 2 144 -1 -1
  973  ....     42.150   7.253   0.82     0    0    0    0 2 144 -1 -1
  974  ....     42.193   7.278   0.76     0    0    0    0 2 144 -1 -1
  975  ....     42.237   7.301   0.70     0    0    0    0 2 144 -1 -1
  976  ....     42.280   7.323   0.64     0    0    0    0 2 144 -1 -1
  977  ....     42.323   7.342   0.58     0    0    0    0 2 144 -1 -1
  978  ....     42.366   7.359   0.52     0    0    0    0 2 144 -1 -1
  979  ....     42.410   7.375   0.46     0    0    0    0 2 144 -1 -1
  980  ....     42.453   7.388   0.40     0    0    0    0 2 144 -1 -1
  981  ....     42.496   7.399   0.34     0    0    0    0 2 144 -1 -1
  982  ....     42.539   7.409   0.28     0    0    0    0 2 144 -1 -1
  983  ....     42.583   7.416   0.22     0    0    0    0 2 144 -1 -1
  984  ....     42.626   7.421   0.16     0    0    0    0 2 144 -1 -1
  985  ....     42.669   7.425   0.10     0    0    0    0 2 144 -1 -1
  986  ....     42.713   7.426   0.04     0    0    0    0 2 144 -1 -1
  987  ....     42.756   7.425  -0.02     0    0    0    0 2 144 -1 -1
  988  ....     42.799   7.423  -0.08     0    0    0    0 2 144 -1 -1
  989  ....     42.842   7.418  -0.14     0    0    0    0 2 144 -1 -1
  990  ....     42.886   7.411  -0.20     0    0    0    0 2 144 -1 -1
  991  ....     42.929   7.403  -0.26     0    0    0    0 2 144 -1 -1
  992  ....     42.972   7.392  -0.32     0    0    0    0 2 144 -1 -1
  993  ....     43.015   7.380  -0.38     0    0    0    0 2 144 -1 -1
  994  ....     43.059   7.365  -0.44     0    0    0    0 2 144 -1 -1
  995  ....     43.102   7.348  -0.50     0    0    0    0 2 144 -1 -1
  996  ....     43.145   7.330  -0.56     0    0    0    0 2 144 -1 -1
  997  ....     43.189   7.309  -0.62     0    0    0    0 2 144 -1 -1
  998  ....     43.232   7.286  -0.68     0    0    0    0 2 144 -1 -1
  999  ....     43.275   7.262  -0.74     0    0    0    0 2 144 -1 -1
 1000  ....     43.318   7.235  -0.80     0    0    0    0 2 144 -1 -1
 1001  HOLD     43.362   7.233   0.00     1    0    0    0 2 144 151 -1
 1002  ....     43.405   7.233   0.00     1    0    0    0 2 144 151 -1
 1003  ....     43.448   7.233   0.00     1    0    0    0 2 144 151 -1
 1004  ....     43.492   7.233   0.00     1    0    0    0 2 144 151 -1
 1005  ....     43.535   7.233   0.00     1    0    0    0 2 144 151 -1
 1006  ....     43.578   7.233   0.00     1    0    0    0 2 144 151 -1
 1007  ....     43.621   7.233   0.00     1    0    0    0 2 144 151 -1
 1008  ....     43.665   7.233   0.00     1    0    0    0 2 144 151 -1
 1009  ....     43.708   7.233   0.00     1    0    0    0 2 144 151 -1
 1010  ....     43.751   7.233   0.00     1    0    0    0 2 144 151 -1
 1011  ....     43.794   7.233   0.00     1    0    0    0 2 144 151 -1
 1012  ....     43.838   7.233   0.00     1    0    0    0 2 144 151 -1
 1013  ....     43.881   7.233   0.00     1    0    0    0 2 144 151 -1
 1014  ....     43.924   7.233   0.00     1    0    0    0 2 144 151 -1
 1015  ....     43.968   7.233   0.00     1    0    0    0 2 144 151 -1
 1016  ....     44.011   7.233   0.00     1    0    0    0 2 144 151 -1
 1017  ....     44.054   7.233   0.00     1    0    0    0 2 144 151 -1
 1018  ....     44.097   7.233   0.00     1    0    0    0 2 144 151 -1
 1019  ....     44.141   7.233   0.00     1    0    0    0 2 144 151 -1
 1020  ....     44.184   7.233   0.00     1    0    0    0 2 144 151 -1
 1021  ....     44.227   7.233   0.00     1    0    0    0 2 144 151 -1
 1022  ....     44.270   7.233   0.00     1    0    0    0 2 144 151 -1
 1023  ....     44.314   7.233   0.00     1    0    0    0 2 144 151 -1
 1024  ....     44.357   7.233   0.00     1    0    0    0 2 144 151 -1
 1025  ....     44.400   7.233   0.00     1    0    0    0 2 144 151 -1
 1026  ....     44.444   7.233   0.00     1    0    0    0 2 144 151 -1
 1027  ....     44.487   7.233   0.00     1    0    0    0 2 144 151 -1
 1028  HOLD     44.530   7.325   2.74     0    0    0    0 2 144 -1 -1
 1029  HOLD     44.573   7.414   2.68     0    0    0    0 2 144 -1 -1
 1030  HOLD     44.617   7.501   2.62     0    0    0    0 2 144 -1 -1
 1031  HOLD     44.660   7.586   2.56     0    0    0    0 2 144 -1 -1
 1032  HOLD     44.703   7.669   2.50     0    0    0    0 2 144 -1 -1
 1033  HOLD     44.746   7.750   2.44     0    0    0    0 2 144 -1 -1
 1034  HOLD     44.790   7.830   2.38     0    0    0    0 2 144 -1 -1
 1035  HOLD     44.833   7.907   2.32     0    0    0    0 2 144 -1 -1
 1036  HOLD     44.876   7.982   2.26     0    0    0    0 2 144 -1 -1
 1037  HOLD     44.920   8.055   2.20     0    0    0    0 2 144 -1 -1
 1038  HOLD     44.963   8.126   2.14     0    0    0    0 2 144 -1 -1
 1039  ....     45.006   8.196   2.08     0    0    0    0 2 144 -1 -1
 1040  ....     45.049   8.263   2.02     0    0    0    0 2 144 -1 -1
 1041  ....     45.093   8.328   1.96     0    0    0    0 2 144 -1 -1
 1042  ....     45.136   8.391   1.90     0    0    0    0 2 144 -1 -1
 1043  ....     45.179   8.453   1.84     0    0    0    0 2 144 -1 -1
 1044  ....     45.222   8.512   1.78     0    0    0    0 2 144 -1 -1
 1045  ....     45.266   8.569   1.72     0    0    0    0 2 144 -1 -1
 1046  ....     45.309   8.624   1.66     0    0    0    0 2 144 -1 -1
 1047  ....     45.352   8.677   1.60     0    0    0    0 2 144 -1 -1
 1048  ....     45.396   8.729   1.54     0    0    0    0 2 144 -1 -1
 1049  ....     45.439   8.778   1.48     0    0    0    0 2 144 -1 -1
 1050  ....     45.482   8.825   1.42     0    0    0    0 2 144 -1 -1
 1051  ....     45.525   8.870   1.36     0    0    0    0 2 144 -1 -1
 1052  ....     45.569   8.914   1.30     0    0    0    0 2 144 -1 -1
 1053  ....     45.612   8.955   1.24     0    0    0    0 2 144 -1 -1
 1054  ....     45.655   8.994   1.18     0    0    0    0 2 144 -1 -1
 1055  ....     45.698   9.032   1.12     0    0    0    0 2 144 -1 -1
 1056  ....     45.742   9.067   1.06     0    0    0    0 2 144 -1 -1
 1057  ....     45.785   9.100   1.00     0    0    0    0 2 144 -1 -1
 1058  ....     45.828   9.131   0.94     0    0    0    0 2 144 -1 -1
 1059  ....     45.872   9.161   0.88     0    0    0    0 2 144 -1 -1
 1060  ....     45.915   9.188   0.82     0    0    0    0 2 144 -1 -1
 1061  ....     45.958   9.213   0.76     0    0    0    0 2 144 -1 -1
 1062  HOLD     46.001   9.237   0.70     0    0    0    0 2 144 -1 -1
 1063  ....     46.045   9.258   0.64     0    0    0    0 2 144 -1 -1
 1064  ....     46.088   9.277   0.58     0    0    0    0 2 144 -1 -1
 1065  ....     46.131   9.294   0.52     0    0    0    0 2 144 -1 -1
 1066  ....     46.174   9.310   0.46     0    0    0    0 2 144 -1 -1
 1067  HOLD     46.218   9.323   0.40     0    0    0    0 2 144 -1 -1
 1068  ....     46.261   9.334   0.34     0    0    0    0 2 144 -1 -1
 1069  HOLD     46.304   9.344   0.28     0    0    0    0 2 144 -1 -1
 1070  ....     46.348   9.351   0.22     0    0    0    0 2 144 -1 -1
 1071  ....     46.391   9.356   0.16     0    0    0    0 2 144 -1 -1
 1072  ....     46.434   9.360   0.10     0    0    0    0 2 144 -1 -1
 1073  HOLD     46.477   9.361   0.04     0    0    0    0 2 144 -1 -1
 1074  HOLD     46.521   9.360  -0.02     0    0    0    0 2 144 -1 -1
 1075  ....     46.564   9.358  -0.08     0    0    0    0 2 144 -1 -1
 1076  ....     46.607   9.353  -0.14     0    0    0    0 2 144 -1 -1
 1077  ....     46.650   9.346  -0.20     0    0    0    0 2 144 -1 -1
 1078  HOLD     46.694   9.338  -0.26     0    0    0    0 2 144 -1 -1
 1079  ....     46.737   9.327  -0.32     0    0    0    0 2 144 -1 -1
 1080  ....     46.780   9.315  -0.38     0    0    0    0 2 144 -1 -1
 1081  HOLD     46.824   9.300  -0.44     0    0    0    0 2 144 -1 -1
 1082  ....     46.867   9.283  -0.50     0    0    0    0 2 144 -1 -1
 1083  ....     46.910   9.265  -0.56     0    0    0    0 2 144 -1 -1
 1084  HOLD     46.953   9.244  -0.62     0    0    0    0 2 144 -1 -1
 1085  HOLD     46.997   9.221  -0.68     0    0    0    0 2 144 -1 -1
 1086  HOLD     47.040   9.197  -0.74     0    0    0    0 2 144 -1 -1
 1087  HOLD     47.083   9.170  -0.80     0    0    0    0 2 144 -1 -1
 1088  HOLD     47.127   9.142  -0.86     0    0    0    0 2 144 -1 -1
 1089  HOLD     47.170   9.111  -0.92     0    0    0    0 2 144 -1 -1
 1090  HOLD     47.213   9.078  -0.98     0    0    0    0 2 144 -1 -1
 1091  HOLD     47.256   9.044  -1.04     0    0    0    0 2 144 -1 -1
 1092  HOLD     47.300   9.007  -1.10     0    0    0    0 2 144 -1 -1
 1093  HOLD     47.343   8.969  -1.16     0    0    0    0 2 144 -1 -1
 1094  HOLD     47.386   8.928  -1.22     0    0    0    0 2 144 -1 -1
 1095  HOLD     47.429   8.885  -1.28     0    0    0    0 2 144 -1 -1
 1096  HOLD     47.473   8.841  -1.34     0    0    0    0 2 144 -1 -1
 1097  HOLD     47.516   8.794  -1.40     0    0    0    0 2 144 -1 -1
 1098  HOLD     47.559   8.746  -1.46     0    0    0    0 2 144 -1 -1
 1099  ....     47.603   8.695  -1.52     0    0    0    0 2 144 -1 -1
 1100  ....     47.646   8.643  -1.58     0    0    0    0 2 144 -1 -1
 1101  ....     47.689   8.588  -1.64     0    0    0    0 2 144 -1 -1
 1102  ....     47.732   8.532  -1.70     0    0    0    0 2 144 -1 -1
 1103  HOLD     47.776   8.500   0.00     1    0    0    0 2 144 158 -1
 1104  HOLD     47.819   8.591   2.74     0    0    0    0 2 144 -1 -1
 1105  ....     47.862   8.680   2.68     0    0    0    0 2 144 -1 -1
 1106  ....     47.905   8.768   2.62     0    0    0    0 2 144 -1 -1
 1107  ....     47.949   8.853   2.56     0    0    0    0 2 144 -1 -1
 1108  ....     47.992   8.936   2.50     0    0    0    0 2 144 -1 -1
 1109  HOLD     48.035   9.017   2.44     0    0    0    0 2 144 -1 -1
 1110  ....     48.079   9.096   2.38     0    0    0    0 2 144 -1 -1
 1111  ....     48.122   9.173   2.32     0    0    0    0 2 144 -1 -1
 1112  ....     48.165   9.249   2.26     0    0    0    0 2 144 -1 -1
 1113  ....     48.208   9.322   2.20     0    0    0    0 2 144 -1 -1
 1114  ....     48.252   9.393   2.14     0    0    0    0 2 144 -1 -1
 1115  ....     48.295   9.462   2.08     0    0    0    0 2 144 -1 -1
 1116  ....     48.338   9.530   2.02     0    0    0    0 2 144 -1 -1
 1117  ....     48.381   9.595   1.96     0    0    0    0 2 144 -1 -1
 1118  ....     48.425   9.658   1.90     0    0    0    0 2 144 -1 -1
 1119  ....     48.468   9.719   1.84     0    0    0    0 2 144 -1 -1
 1120  ....     48.511   9.778   1.78     0    0    0    0 2 144 -1 -1
 1121  ....     48.555   9.836   1.72     0    0    0    0 2 144 -1 -1
 1122  HOLD     48.598   9.891   1.66     0    0    0    0 2 144 -1 -1
 1123  HOLD     48.641   9.944   1.60     0    0    0    0 2 144 -1 -1
 1124  HOLD     48.684   9.995   1.54     0    0    0    0 2 144 -1 -1
 1125  HOLD     48.728  10.045   1.48     0    0    0    0 2 144 -1 -1
 1126  HOLD     48.771  10.092   1.42     0    0    0    0 2 144 -1 -1
 1127  HOLD     48.814  10.137   1.36     0    0    0    0 2 144 -1 -1
 1128  HOLD     48.857  10.180   1.30     0    0    0    0 2 144 -1 -1
 1129  ....     48.901  10.222   1.24     0    0    0    0 2 144 -1 -1
 1130  ....     48.944  10.261   1.18     0    0    0    0 2 144 -1 -1
 1131  ....     48.987  10.298   1.12     0    0    0    0 2 144 -1 -1
 1132  HOLD     49.031  10.333   1.06     0    0    0    0 2 144 -1 -1
 1133  ....     49.074  10.367   1.00     0    0    0    0 2 144 -1 -1
 1134  ....     49.117  10.398   0.94     0    0    0    0 2 144 -1 -1
 1135  ....     49.160  10.427   0.88     0    0    0    0 2 144 -1 -1
 1136  HOLD     49.204  10.455   0.82     0    0    0    0 2 144 -1 -1
 1137  ....     49.247  10.480   0.76     0    0    0    0 2 144 -1 -1
 1138  ....     49.290  10.503   0.70     0    0    0    0 2 144 -1 -1
 1139  ....     49.333  10.524   0.64     0    0    0    0 2 144 -1 -1
 1140  HOLD     49.377  10.544   0.58     0    0    0    0 2 144 -1 -1
 1141  ....     49.420  10.561   0.52     0    0    0    0 2 144 -1 -1
 1142  ....     49.463  10.576   0.46     0    0    0    0 2 144 -1 -1
 1143  ....     49.507  10.590   0.40     0    0    0    0 2 144 -1 -1
 1144  HOLD     49.550  10.601   0.34     0    0    0    0 2 144 -1 -1
 1145  HOLD     49.593  10.610   0.28     0    0    0    0 2 144 -1 -1
 1146  HOLD     49.636  10.618   0.22     0    0    0    0 2 144 -1 -1
 1147  HOLD     49.680  10.623   0.16     0    0    0    0 2 144 -1 -1
 1148  HOLD     49.723  10.626   0.10     0    0    0    0 2 144 -1 -1
 1149  HOLD     49.766  10.628   0.04     0    0    0    0 2 144 -1 -1
 1150  HOLD     49.809  10.627  -0.02     0    0    0    0 2 144 -1 -1
 1151  HOLD     49.853  10.624  -0.08     0    0    0    0 2 144 -1 -1
 1152  HOLD     49.896  10.620  -0.14     0    0    0    0 2 144 -1 -1
 1153  ....     49.939  10.613  -0.20     0    0    0    0 2 144 -1 -1
 1154  HOLD     49.983  10.604  -0.26     0    0    0    0 2 144 -1 -1
 1155  HOLD     50.026  10.594  -0.32     0    0    0    0 2 144 -1 -1
 1156  ....     50.069  10.581  -0.38     0    0    0    0 2 144 -1 -1
 1157  ....     50.112  10.567  -0.44     0    0    0    0 2 144 -1 -1
 1158  HOLD     50.156  10.550  -0.50     0    0    0    0 2 144 -1 -1
 1159  ....     50.199  10.531  -0.56     0    0    0    0 2 144 -1 -1
 1160  HOLD     50.242  10.511  -0.62     0    0    0    0 2 144 -1 -1
 1161  ....     50.286  10.488  -0.68     0    0    0    0 2 144 -1 -1
 1162  HOLD     50.329  10.463  -0.74     0    0    0    0 2 144 -1 -1
 1163  HOLD     50.372  10.437  -0.80     0    0    0    0 2 144 -1 -1
 1164  HOLD     50.415  10.408  -0.86     0    0    0    0 2 144 -1 -1
 1165  HOLD     50.459  10.378  -0.92     0    0    0    0 2 144 -1 -1
 1166  HOLD     50.502  10.345  -0.98     0    0    0    0 2 144 -1 -1
 1167  ....     50.545  10.310  -1.04     0    0    0    0 2 144 -1 -1
 1168  ....     50.588  10.274  -1.10     0    0    0    0 2 144 -1 -1
 1169  HOLD     50.632  10.235  -1.16     0    0    0    0 2 144 -1 -1
 1170  HOLD     50.675  10.195  -1.22     0    0    0    0 2 144 -1 -1
 1171  HOLD     50.718  10.152  -1.28     0    0    0    0 2 144 -1 -1
 1172  ....     50.762  10.108  -1.34     0    0    0    0 2 144 -1 -1
 1173  HOLD     50.805  10.061  -1.40     0    0    0    0 2 144 -1 -1
 1174  ....     50.848  10.012  -1.46     0    0    0    0 2 144 -1 -1
 1175  ....     50.891   9.962  -1.52     0    0    0    0 2 144 -1 -1
 1176  HOLD     50.935   9.909  -1.58     0    0    0    0 2 144 -1 -1
 1177  ....     50.978   9.855  -1.64     0    0    0    0 2 144 -1 -1
 1178  ....     51.021   9.798  -1.70     0    0    0    0 2 144 -1 -1
 1179  HOLD     51.064   9.740  -1.76     0    0    0    0 2 144 -1 -1
 1180  HOLD     51.108   9.679  -1.82     0    0    0    0 2 144 -1 -1
 1181  ....     51.151   9.617  -1.88     0    0    0    0 2 144 -1 -1
 1182  ....     51.194   9.552  -1.94     0    0    0    0 2 144 -1 -1
 1183  ....     51.238   9.485  -2.00     0    0    0    0 2 144 -1 -1
 1184  ....     51.281   9.417  -2.06     0    0    0    0 2 144 -1 -1
 1185  ....     51.324   9.346  -2.12     0    0    0    0 2 144 -1 -1
 1186  ....     51.367   9.274  -2.18     0    0    0    0 2 144 -1 -1
 1187  ....     51.411   9.199  -2.24     0    0    0    0 2 144 -1 -1
 1188  ....     51.454   9.123  -2.30     0    0    0    0 2 144 -1 -1
 1189  ....     51.497   9.044  -2.36     0    0    0    0 2 144 -1 -1
 1190  HOLD     51.540   8.964  -2.42     0    0    0    0 2 144 -1 -1
 1191  HOLD     51.584   8.881  -2.48     0    0    0    0 2 144 -1 -1
 1192  HOLD     51.627   8.797  -2.53     0    0    0    0 2 144 -1 -1
 1193  HOLD     51.670   8.710  -2.59     0    0    0    0 2 144 -1 -1
 1194  HOLD     51.714   8.622  -2.65     0    0    0    0 2 144 -1 -1
 1195  HOLD     51.757   8.531  -2.71     0    0    0    0 2 144 -1 -1
 1196  HOLD     51.800   8.439  -2.77     0    0    0    0 2 144 -1 -1
 1197  HOLD     51.843   8.344  -2.83     0    0    0    0 2 144 -1 -1
 1198  HOLD     51.887   8.248  -2.89     0    0    0    0 2 144 -1 -1
 1199  HOLD     51.930   8.149  -2.95     0    0    0    0 2 144 -1 -1
 1200  HOLD     51.973   8.049  -3.01     0    0    0    0 2 144 -1 -1
 1201  HOLD     52.016   7.947  -3.07     0    0    0    0 2 144 -1 -1
 1202  HOLD     52.060   7.842  -3.13     0    0    0    0 2 144 -1 -1
 1203  HOLD     52.103   7.736  -3.19     0    0    0    0 2 144 -1 -1
 1204  HOLD     52.146   7.627  -3.25     0    0    0    0 2 144 -1 -1
 1205  HOLD     52.190   7.517  -3.31     0    0    0    0 2 144 -1 -1
 1206  HOLD     52.233   7.404  -3.37     0    0    0    0 2 144 -1 -1
 1207  HOLD     52.276   7.290  -3.43     0    0    0    0 2 144 -1 -1
 1208  ....     52.319   7.173  -3.49     0    0    0    0 2 144 -1 -1
 1209  ....     52.363   7.055  -3.55     0    0    0    0 2 144 -1 -1
 1210  ....     52.406   6.935  -3.61     0    0    0    0 2 144 -1 -1
 1211  ....     52.449   6.812  -3.67     0    0    0    0 2 144 -1 -1
 1212  HOLD     52.492   6.688   2.80     0    0    0    0 2 162 162 -1
 1213  HOLD     52.536   6.779   2.74     0    0    0    0 2 162 -1 -1
 1214  HOLD     52.579   6.868   2.68     0    0    0    0 2 162 -1 -1
 1215  ....     52.622   6.955   2.62     0    0    0    0 2 162 -1 -1
 1216  HOLD     52.666   7.040   2.56     0    0    0    0 2 162 -1 -1
 1217  HOLD     52.709   7.124   2.50     0    0    0    0 2 162 -1 -1
 1218  HOLD     52.752   7.205   2.44     0    0    0    0 2 162 -1 -1
 1219  ....     52.795   7.284   2.38     0    0    0    0 2 162 -1 -1
 1220  HOLD     52.839   7.361   2.32     0    0    0    0 2 162 -1 -1
 1221  ....     52.882   7.436   2.26     0    0    0    0 2 162 -1 -1
 1222  ....     52.925   7.510   2.20     0    0    0    0 2 162 -1 -1
 1223  ....     52.968   7.581   2.14     0    0    0    0 2 162 -1 -1
 1224  ....     53.012   7.650   2.08     0    0    0    0 2 162 -1 -1
 1225  ....     53.055   7.717   2.02     0    0    0    0 2 162 -1 -1
 1226  ....     53.098   7.782   1.96     0    0    0    0 2 162 -1 -1
 1227  ....     53.142   7.846   1.90     0    0    0    0 2 162 -1 -1
 1228  ....     53.185   7.907   1.84     0    0    0    0 2 162 -1 -1
 1229  ....     53.228   7.966   1.78     0    0    0    0 2 162 -1 -1
 1230  ....     53.271   8.023   1.72     0    0    0    0 2 162 -1 -1
 1231  ....     53.315   8.079   1.66     0    0    0    0 2 162 -1 -1
 1232  ....     53.358   8.132   1.60     0    0    0    0 2 162 -1 -1
 1233  ....     53.401   8.183   1.54     0    0    0    0 2 162 -1 -1
 1234  ....     53.445   8.232   1.48     0    0    0    0 2 162 -1 -1
 1235  ....     53.488   8.280   1.42     0    0    0    0 2 162 -1 -1
 1236  ....     53.531   8.325   1.36     0    0    0    0 2 162 -1 -1
 1237  ....     53.574   8.368   1.30     0    0    0    0 2 162 -1 -1
 1238  ....     53.618   8.409   1.24     0    0    0    0 2 162 -1 -1
 1239  ....     53.661   8.449   1.18     0    0    0    0 2 162 -1 -1
 1240  ....     53.704   8.486   1.12     0    0    0    0 2 162 -1 -1
 1241  ....     53.747   8.521   1.06     0    0    0    0 2 162 -1 -1
 1242  ....     53.791   8.554   1.00     0    0    0    0 2 162 -1 -1
 1243  ....     53.834   8.586   0.94     0    0    0    0 2 162 -1 -1
 1244  ....     53.877   8.615   0.88     0    0    0    0 2 162 -1 -1
 1245  ....     53.921   8.642   0.82     0    0    0    0 2 162 -1 -1
 1246  ....     53.964   8.668   0.76     0    0    0    0 2 162 -1 -1
 1247  ....     54.007   8.691   0.70     0    0    0    0 2 162 -1 -1
 1248  ....     54.050   8.712   0.64     0    0    0    0 2 162 -1 -1
 1249  ....     54.094   8.731   0.58     0    0    0    0 2 162 -1 -1
 1250  ....     54.137   8.749   0.52     0    0    0    0 2 162 -1 -1
 1251  HOLD     54.180   8.764   0.46     0    0    0    0 2 162 -1 -1
 1252  ....     54.223   8.777   0.40     0    0    0    0 2 162 -1 -1
 1253  ....     54.267   8.789   0.34     0    0    0    0 2 162 -1 -1
 1254  ....     54.310   8.798   0.28     0    0    0    0 2 162 -1 -1
 1255  ....     54.353   8.805   0.22     0    0    0    0 2 162 -1 -1
 1256  ....     54.397   8.811   0.16     0    0    0    0 2 162 -1 -1
 1257  ....     54.440   8.814   0.10     0    0    0    0 2 162 -1 -1
 1258  ....     54.483   8.815   0.04     0    0    0    0 2 162 -1 -1
 1259  ....     54.526   8.815  -0.02     0    0    0    0 2 162 -1 -1
 1260  ....     54.570   8.812  -0.08     0    0    0    0 2 162 -1 -1
 1261  ....     54.613   8.807  -0.14     0    0    0    0 2 162 -1 -1
 1262  ....     54.656   8.801  -0.20     0    0    0    0 2 162 -1 -1
 1263  ....     54.699   8.792  -0.26     0    0    0    0 2 162 -1 -1
 1264  ....     54.743   8.782  -0.32     0    0    0    0 2 162 -1 -1
 1265  ....     54.786   8.769  -0.38     0    0    0    0 2 162 -1 -1
 1266  HOLD     54.829   8.754  -0.44     0    0    0    0 2 162 -1 -1
 1267  ....     54.873   8.738  -0.50     0    0    0    0 2 162 -1 -1
 1268  ....     54.916   8.719  -0.56     0    0    0    0 2 162 -1 -1
 1269  ....     54.959   8.698  -0.62     0    0    0    0 2 162 -1 -1
 1270  ....     55.002   8.676  -0.68     0    0    0    0 2 162 -1 -1
 1271  HOLD     55.046   8.651  -0.74     0    0    0    0 2 162 -1 -1
 1272  ....     55.089   8.625  -0.80     0    0    0    0 2 162 -1 -1
 1273  ....     55.132   8.596  -0.86     0    0    0    0 2 162 -1 -1
 1274  ....     55.175   8.565  -0.92     0    0    0    0 2 162 -1 -1
 1275  ....     55.219   8.533  -0.98     0    0    0    0 2 162 -1 -1
 1276  HOLD     55.262   8.498  -1.04     0    0    0    0 2 162 -1 -1
 1277  ....     55.305   8.462  -1.10     0    0    0    0 2 162 -1 -1
 1278  ....     55.349   8.423  -1.16     0    0    0    0 2 162 -1 -1
 1279  ....     55.392   8.382  -1.22     0    0    0    0 2 162 -1 -1
 1280  ....     55.435   8.340  -1.28     0    0    0    0 2 162 -1 -1
 1281  ....     55.478   8.295  -1.34     0    0    0    0 2 162 -1 -1
 1282  ....     55.522   8.249  -1.40     0    0    0    0 2 162 -1 -1
 1283  ....     55.565   8.200  -1.46     0    0    0    0 2 162 -1 -1
 1284  ....     55.608   8.150  -1.52     0    0    0    0 2 162 -1 -1
 1285  ....     55.651   8.097  -1.58     0    0    0    0 2 162 -1 -1
 1286  ....     55.695   8.042  -1.64     0    0    0    0 2 162 -1 -1
 1287  ....     55.738   7.986  -1.70     0    0    0    0 2 162 -1 -1
 1288  ....     55.781   7.927  -1.76     0    0    0    0 2 162 -1 -1
 1289  ....     55.825   7.867  -1.82     0    0    0    0 2 162 -1 -1
 1290  ....     55.868   7.804  -1.88     0    0    0    0 2 162 -1 -1
 1291  ....     55.911   7.740  -1.94     0    0    0    0 2 162 -1 -1
 1292  ....     55.954   7.673  -2.00     0    0    0    0 2 162 -1 -1
 1293  ....     55.998   7.605  -2.06     0    0    0    0 2 162 -1 -1
 1294  ....     56.041   7.534  -2.12     0    0    0    0 2 162 -1 -1
 1295  ....     56.084   7.462  -2.18     0    0    0    0 2 162 -1 -1
 1296  ....     56.127   7.387  -2.24     0    0    0    0 2 162 -1 -1
 1297  ....     56.171   7.311  -2.30     0    0    0    0 2 162 -1 -1
 1298  ....     56.214   7.232  -2.36     0    0    0    0 2 162 -1 -1
 1299  ....     56.257   7.152  -2.42     0    0    0    0 2 162 -1 -1
 1300  ....     56.301   7.069  -2.48     0    0    0    0 2 162 -1 -1
 1301  ....     56.344   6.985  -2.53     0    0    0    0 2 162 -1 -1
 1302  ....     56.387   6.898  -2.59     0    0    0    0 2 162 -1 -1
 1303  ....     56.430   6.810  -2.65     0    0    0    0 2 162 -1 -1
 1304  ....     56.474   6.719  -2.71     0    0    0    0 2 162 -1 -1
 1305  ....     56.517   6.627  -2.77     0    0    0    0 2 162 -1 -1
 1306  ....     56.560   6.532  -2.83     0    0    0    0 2 162 -1 -1
 1307  ....     56.604   6.436  -2.89     0    0    0    0 2 162 -1 -1
 1308  ....     56.647   6.337  -2.95     0    0    0    0 2 162 -1 -1
 1309  ....     56.690   6.237  -3.01     0    0    0    0 2 162 -1 -1
 1310  ....     56.733   6.134  -3.07     0    0    0    0 2 162 -1 -1
 1311  ....     56.777   6.030  -3.13     0    0    0    0 2 162 -1 -1
 1312  ....     56.820   5.923  -3.19     0    0    0    0 2 162 -1 -1
 1313  ....     56.863   5.815  -3.25     0    0    0    0 2 162 -1 -1
 1314  ....     56.906   5.704  -3.31     0    0    0    0 2 162 -1 -1
 1315  ....     56.950   5.592  -3.37     0    0    0    0 2 162 -1 -1
 1316  ....     56.993   5.477  -3.43     0    0    0    0 2 162 -1 -1
 1317  ....     57.036   5.361  -3.49     0    0    0    0 2 162 -1 -1
 1318  ....     57.080   5.243  -3.55     0    0    0    0 2 162 -1 -1
 1319  ....     57.123   5.122  -3.61     0    0    0    0 2 162 -1 -1
 1320  ....     57.166   5.000  -3.67     0    0    0    0 2 162 -1 -1
 1321  ....     57.209   4.875  -3.73     0    0    0    0 2 162 -1 -1
 1322  ....     57.253   4.750  -3.75     0    0    0    0 2 162 -1 -1
 1323  ....     57.296   4.625  -3.75     0    0    0    0 2 162 -1 -1
 1324  ....     57.339   4.500  -3.75     0    0    0    0 2 162 -1 -1
 1325  ....     57.382   4.375  -3.75     0    0    0    0 2 162 -1 -1
 1326  ....     57.426   4.250  -3.75     0    0    0    0 2 162 -1 -1
 1327  ....     57.469   4.125  -3.75     0    0    0    0 2 162 -1 -1
 1328  ....     57.512   4.500   0.00     1    0    0    0 2 162 191 -1
 1329  ....     57.556   4.500   0.00     1    0    0    0 2 162 191 -1
 1330  ....     57.599   4.500   0.00     1    0    0    0 2 162 191 -1
 1331  ....     57.642   4.500   0.00     1    0    0    0 2 162 191 -1
 1332  ....     57.685   4.500   0.00     1    0    0    0 2 162 191 -1
 1333  ....     57.729   4.500   0.00     1    0    0    0 2 162 191 -1
 1334  ....     57.772   4.500   0.00     1    0    0    0 2 162 191 -1
 1335  ....     57.815   4.500   0.00     1    0    0    0 2 162 191 -1
 1336  ....     57.858   4.500   0.00     1    0    0    0 2 162 191 -1
 1337  ....     57.902   4.500   0.00     1    0    0    0 2 162 191 -1
 1338  ....     57.945   4.500   0.00     1    0    0    0 2 162 191 -1
 1339  ....     57.988   4.500   0.00     1    0    0    0 2 162 191 -1
 1340  ....     58.032   4.500   0.00     1    0    0    0 2 162 191 -1
 1341  ....     58.075   4.500   0.00     1    0    0    0 2 162 191 -1
 1342  ....     58.118   4.500   0.00     1    0    0    0 2 162 191 -1
 1343  ....     58.161   4.500   0.00     1    0    0    0 2 162 191 -1
 1344  ....     58.205   4.500   0.00     1    0    0    0 2 162 191 -1
 1345  ....     58.248   4.500   0.00     1    0    0    0 2 162 191 -1
 1346  ....     58.291   4.500   0.00     1    0    0    0 2 162 191 -1
 1347  ....     58.334   4.500   0.00     1    0    0    0 2 162 191 -1
 1348  ....     58.378   4.500   0.00     1    0    0    0 2 162 191 -1
 1349  ....     58.421   4.500   0.00     1    0    0    0 2 162 191 -1
 1350  ....     58.464   4.500   0.00     1    0    0    0 2 162 191 -1
 1351  ....     58.508   4.500   0.00     1    0    0    0 2 162 182 -1
 1352  ....     58.551   4.500   0.00     1    0    0    0 2 162 182 -1
 1353  ....     58.594   4.500   0.00     1    0    0    0 2 162 182 -1
 1354  ....     58.637   4.500   0.00     1    0    0    0 2 162 182 -1
 1355  ....     58.681   4.500   0.00     1    0    0    0 2 162 182 -1
 1356  ....     58.724   4.500   0.00     1    0    0    0 2 162 182 -1
 1357  ....     58.767   4.500   0.00     1    0    0    0 2 162 182 -1
 1358  ....     58.810   4.500   0.00     1    0    0    0 2 162 182 -1
 1359  ....     58.854   4.500   0.00     1    0    0    0 2 162 182 -1
 1360  ....     58.897   4.500   0.00     1    0    0    0 2 162 182 -1
 1361  ....     58.940   4.500   0.00     1    0    0    0 2 162 182 -1
 1362  ....     58.984   4.500   0.00     1    0    0    0 2 162 182 -1
 1363  ....     59.027   4.500   0.00     1    0    0    0 2 162 182 -1
 1364  ....     59.070   4.500   0.00     1    0    0    0 2 162 182 -1
 1365  ....     59.113   4.500   0.00     1    0    0    0 2 162 182 -1
 1366  ....     59.157   4.500   0.00     1    0    0    0 2 162 182 -1
 1367  ....     59.200   4.500   0.00     1    0    0    0 2 162 182 -1
 1368  ....     59.243   4.500   0.00     1    0    0    0 2 162 182 -1
 1369  ....     59.286   4.500   0.00     1    0    0    0 2 162 182 -1
 1370  ....     59.330   4.500   0.00     1    0    0    0 2 162 182 -1
 1371  ....     59.373   4.500   0.00     1    0    0    0 2 162 182 -1
 1372  ....     59.416   4.500   0.00     1    0    0    0 2 162 182 -1
 1373  ....     59.460   4.500   0.00     1    0    0    0 2 162 182 -1
 1374  ....     59.503   4.500   0.00     1    0    0    0 2 162 182 -1
 1375  ....     59.546   4.500   0.00     1    0    0    0 2 162 182 -1
 1376  ....     59.589   4.500   0.00     1    0    0    0 2 162 182 -1
 1377  ....     59.633   4.500   0.00     1    0    0    0 2 162 182 -1
 1378  ....     59.676   4.500   0.00     1    0    0    0 2 162 182 -1
 1379  ....     59.719   4.500   0.00     1    0    0    0 2 162 182 -1
 1380  ....     59.763   4.500   0.00     1    0    0    0 2 162 182 -1
 1381  ....     59.806   4.500   0.00     1    0    0    0 2 162 182 -1
 1382  ....     59.849   4.500   0.00     1    0    0    0 2 162 182 -1
 1383  ....     59.892   4.500   0.00     1    0    0    0 2 162 182 -1
 1384  ....     59.936   4.500   0.00     1    0    0    0 2 162 182 -1
 1385  ....     59.979   4.500   0.00     1    0    0    0 2 162 182 -1
 1386  ....     60.022   4.500   0.00     1    0    0    0 2 162 182 -1
 1387  ....     60.065   4.500   0.00     1    0    0    0 2 162 182 -1
 1388  ....     60.109   4.500   0.00     1    0    0    0 2 162 182 -1
 1389  ....     60.152   4.500   0.00     1    0    0    0 2 162 182 -1
 1390  ....     60.195   4.500   0.00     1    0    0    0 2 162 182 -1
 1391  ....     60.239   4.500   0.00     1    0    0    0 2 162 182 -1
 1392  ....     60.282   4.500   0.00     1    0    0    0 2 162 182 -1
 1393  ....     60.325   4.500   0.00     1    0    0    0 2 162 182 -1
 1394  ....     60.368   4.500   0.00     1    0    0    0 2 162 182 -1
 1395  ....     60.412   4.500   0.00     1    0    0    0 2 162 182 -1
 1396  ....     60.455   4.500   0.00     1    0    0    0 2 162 182 -1
 1397  ....     60.498   4.500   0.00     1    0    0    0 2 162 182 -1
 1398  ....     60.541   4.500   0.00     1    0    0    0 2 162 198 -1
 1399  ....     60.585   4.500   0.00     1    0    0    0 2 162 198 -1
 1400  ....     60.628   4.500   0.00     1    0    0    0 2 162 198 -1
 1401  ....     60.671   4.500   0.00     1    0    0    0 2 162 198 -1
 1402  ....     60.715   4.500   0.00     1    0    0    0 2 162 198 -1
 1403  ....     60.758   4.500   0.00     1    0    0    0 2 162 198 -1
 1404  ....     60.801   4.500   0.00     1    0    0    0 2 162 198 -1
 1405  ....     60.844   4.500   0.00     1    0    0    0 2 162 198 -1
 1406  ....     60.888   4.500   0.00     1    0    0    0 2 162 198 -1
 1407  ....     60.931   4.500   0.00     1    0    0    0 2 162 198 -1
 1408  ....     60.974   4.500   0.00     1    0    0    0 2 162 198 -1
 1409  ....     61.017   4.500   0.00     1    0    0    0 2 162 198 -1
 1410  ....     61.061   4.500   0.00     1    0    0    0 2 162 198 -1
 1411  ....     61.104   4.500   0.00     1    0    0    0 2 162 198 -1
 1412  ....     61.147   4.500   0.00     1    0    0    0 2 162 198 -1
 1413  ....     61.191   4.500   0.00     1    0    0    0 2 162 198 -1
 1414  ....     61.234   4.500   0.00     1    0    0    0 2 162 198 -1
 1415  ....     61.277   4.500   0.00     1    0    0    0 2 162 198 -1
 1416  ....     61.320   4.500   0.00     1    0    0    0 2 162 198 -1
 1417  ....     61.364   4.500   0.00     1    0    0    0 2 162 198 -1
 1418  ....     61.407   4.500   0.00     1    0    0    0 2 162 198 -1
 1419  ....     61.450   4.500   0.00     1    0    0    0 2 162 198 -1
 1420  ....     61.493   4.500   0.00     1    0    0    0 2 162 198 -1
 1421  ....     61.537   4.500   0.00     1    0    0    0 2 162 199 -1
 1422  ....     61.580   4.500   0.00     1    0    0    0 2 162 199 -1
 1423  ....     61.623   4.500   0.00     1    0    0    0 2 162 199 -1
 1424  ....     61.667   4.500   0.00     1    0    0    0 2 162 199 -1
 1425  ....     61.710   4.500   0.00     1    0    0    0 2 162 199 -1
 1426  ....     61.753   4.500   0.00     1    0    0    0 2 162 199 -1
 1427  ....     61.796   4.500   0.00     1    0    0    0 2 162 199 -1
 1428  ....     61.840   4.500   0.00     1    0    0    0 2 162 199 -1
 1429  ....     61.883   4.500   0.00     1    0    0    0 2 162 199 -1
 1430  ....     61.926   4.500   0.00     1    0    0    0 2 162 199 -1
 1431  ....     61.969   4.500   0.00     1    0    0    0 2 162 199 -1
 1432  ....     62.013   4.500   0.00     1    0    0    0 2 162 199 -1
 1433  ....     62.056   4.500   0.00     1    0    0    0 2 162 199 -1
 1434  HOLD     62.099   4.591   2.74     0    0    0    0 2 162 -1 -1
 1435  ....     62.143   4.680   2.68     0    0    0    0 2 162 -1 -1
 1436  ....     62.186   4.768   2.62     0    0    0    0 2 162 -1 -1
 1437  ....     62.229   4.853   2.56     0    0    0    0 2 162 -1 -1
 1438  ....     62.272   4.936   2.50     0    0    0    0 2 162 -1 -1
 1439  ....     62.316   5.017   2.44     0    0    0    0 2 162 -1 -1
 1440  ....     62.359   5.096   2.38     0    0    0    0 2 162 -1 -1
 1441  ....     62.402   5.173   2.32     0    0    0    0 2 162 -1 -1
 1442  HOLD     62.445   5.249   2.26     0    0    0    0 2 162 -1 -1
 1443  ....     62.489   5.322   2.20     0    0    0    0 2 162 -1 -1
 1444  ....     62.532   5.393   2.14     0    0    0    0 2 162 -1 -1
 1445  ....     62.575   5.462   2.08     0    0    0    0 2 162 -1 -1
 1446  ....     62.619   5.530   2.02     0    0    0    0 2 162 -1 -1
 1447  ....     62.662   5.595   1.96     0    0    0    0 2 162 -1 -1
 1448  ....     62.705   5.658   1.90     0    0    0    0 2 162 -1 -1
 1449  ....     62.748   5.719   1.84     0    0    0    0 2 162 -1 -1
 1450  ....     62.792   5.778   1.78     0    0    0    0 2 162 -1 -1
 1451  ....     62.835   5.836   1.72     0    0    0    0 2 162 -1 -1
 1452  ....     62.878   5.891   1.66     0    0    0    0 2 162 -1 -1
 1453  ....     62.921   5.944   1.60     0    0    0    0 2 162 -1 -1
 1454  ....     62.965   5.995   1.54     0    0    0    0 2 162 -1 -1
 1455  ....     63.008   6.045   1.48     0    0    0    0 2 162 -1 -1
 1456  ....     63.051   6.092   1.42     0    0    0    0 2 162 -1 -1
 1457  ....     63.095   6.137   1.36     0    0    0    0 2 162 -1 -1
 1458  ....     63.138   6.180   1.30     0    0    0    0 2 162 -1 -1
 1459  ....     63.181   6.222   1.24     0    0    0    0 2 162 -1 -1
 1460  ....     63.224   6.261   1.18     0    0    0    0 2 162 -1 -1
 1461  ....     63.268   6.298   1.12     0    0    0    0 2 162 -1 -1
 1462  ....     63.311   6.333   1.06     0    0    0    0 2 162 -1 -1
 1463  HOLD     63.354   6.367   1.00     0    0    0    0 2 162 -1 -1
 1464  HOLD     63.398   6.398   0.94     0    0    0    0 2 162 -1 -1
 1465  ....     63.441   6.427   0.88     0    0    0    0 2 162 -1 -1
 1466  HOLD     63.484   6.455   0.82     0    0    0    0 2 162 -1 -1
 1467  ....     63.527   6.480   0.76     0    0    0    0 2 162 -1 -1
 1468  ....     63.571   6.503   0.70     0    0    0    0 2 162 -1 -1
 1469  ....     63.614   6.524   0.64     0    0    0    0 2 162 -1 -1
 1470  ....     63.657   6.544   0.58     0    0    0    0 2 162 -1 -1
 1471  HOLD     63.700   6.561   0.52     0    0    0    0 2 162 -1 -1
 1472  ....     63.744   6.576   0.46     0    0    0    0 2 162 -1 -1
 1473  ....     63.787   6.590   0.40     0    0    0    0 2 162 -1 -1
 1474  HOLD     63.830   6.601   0.34     0    0    0    0 2 162 -1 -1
 1475  HOLD     63.874   6.610   0.28     0    0    0    0 2 162 -1 -1
 1476  ....     63.917   6.618   0.22     0    0    0    0 2 162 -1 -1
 1477  ....     63.960   6.623   0.16     0    0    0    0 2 162 -1 -1
 1478  ....     64.003   6.626   0.10     0    0    0    0 2 162 -1 -1
 1479  ....     64.047   6.628   0.04     0    0    0    0 2 162 -1 -1
 1480  ....     64.090   6.627  -0.02     0    0    0    0 2 162 -1 -1
 1481  HOLD     64.133   6.624  -0.08     0    0    0    0 2 162 -1 -1
 1482  ....     64.176   6.620  -0.14     0    0    0    0 2 162 -1 -1
 1483  HOLD     64.220   6.613  -0.20     0    0    0    0 2 162 -1 -1
 1484  HOLD     64.263   6.604  -0.26     0    0    0    0 2 162 -1 -1
 1485  ....     64.306   6.594  -0.32     0    0    0    0 2 162 -1 -1
 1486  HOLD     64.350   6.581  -0.38     0    0    0    0 2 162 -1 -1
 1487  ....     64.393   6.567  -0.44     0    0    0    0 2 162 -1 -1
 1488  ....     64.436   6.550  -0.50     0    0    0    0 2 162 -1 -1
 1489  ....     64.479   6.531  -0.56     0    0    0    0 2 162 -1 -1
 1490  ....     64.523   6.511  -0.62     0    0    0    0 2 162 -1 -1
 1491  ....     64.566   6.488  -0.68     0    0    0    0 2 162 -1 -1
 1492  ....     64.609   6.463  -0.74     0    0    0    0 2 162 -1 -1
 1493  ....     64.652   6.437  -0.80     0    0    0    0 2 162 -1 -1
 1494  ....     64.696   6.408  -0.86     0    0    0    0 2 162 -1 -1
 1495  HOLD     64.739   6.378  -0.92     0    0    0    0 2 162 -1 -1
 1496  ....     64.782   6.345  -0.98     0    0    0    0 2 162 -1 -1
 1497  ....     64.826   6.310  -1.04     0    0    0    0 2 162 -1 -1
 1498  ....     64.869   6.274  -1.10     0    0    0    0 2 162 -1 -1
 1499  ....     64.912   6.235  -1.16     0    0    0    0 2 162 -1 -1
 1500  HOLD     64.955   6.195  -1.22     0    0    0    0 2 162 -1 -1
 1501  ....     64.999   6.152  -1.28     0    0    0    0 2 162 -1 -1
 1502  ....     65.042   6.108  -1.34     0    0    0    0 2 162 -1 -1
 1503  ....     65.085   6.061  -1.40     0    0    0    0 2 162 -1 -1
 1504  ....     65.128   6.012  -1.46     0    0    0    0 2 162 -1 -1
 1505  ....     65.172   5.962  -1.52     0    0    0    0 2 162 -1 -1
 1506  ....     65.215   5.909  -1.58     0    0    0    0 2 162 -1 -1
 1507  ....     65.258   5.855  -1.64     0    0    0    0 2 162 -1 -1
 1508  ....     65.302   5.798  -1.70     0    0    0    0 2 162 -1 -1
 1509  ....     65.345   5.740  -1.76     0    0    0    0 2 162 -1 -1
 1510  ....     65.388   5.679  -1.82     0    0    0    0 2 162 -1 -1
 1511  ....     65.431   5.617  -1.88     0    0    0    0 2 162 -1 -1
 1512  ....     65.475   5.552  -1.94     0    0    0    0 2 162 -1 -1
 1513  HOLD     65.518   5.500   0.00     1    0    0    0 2 162 210 -1
 1514  ....     65.561   5.500   0.00     1    0    0    0 2 162 210 -1
 1515  ....     65.604   5.500   0.00     1    0    0    0 2 162 210 -1
 1516  ....     65.648   5.500   0.00     1    0    0    0 2 162 210 -1
 1517  ....     65.691   5.500   0.00     1    0    0    0 2 162 210 -1
 1518  ....     65.734   5.500   0.00     1    0    0    0 2 162 210 -1
 1519  ....     65.778   5.500   0.00     1    0    0    0 2 162 210 -1
 1520  ....     65.821   5.500   0.00     1    0    0    0 2 162 210 -1
 1521  ....     65.864   5.500   0.00     1    0    0    0 2 162 210 -1
 1522  ....     65.907   5.500   0.00     1    0    0    0 2 162 210 -1
 1523  ....     65.951   5.500   0.00     1    0    0    0 2 162 210 -1
 1524  HOLD     65.994   5.591   2.74     0    0    0    0 2 162 -1 -1
 1525  ....     66.037   5.680   2.68     0    0    0    0 2 162 -1 -1
 1526  ....     66.080   5.768   2.62     0    0    0    0 2 162 -1 -1
 1527  ....     66.124   5.853   2.56     0    0    0    0 2 162 -1 -1
 1528  ....     66.167   5.936   2.50     0    0    0    0 2 162 -1 -1
 1529  ....     66.210   6.017   2.44     0    0    0    0 2 162 -1 -1
 1530  ....     66.254   6.096   2.38     0    0    0    0 2 162 -1 -1
 1531  ....     66.297   6.173   2.32     0    0    0    0 2 162 -1 -1
 1532  ....     66.340   6.249   2.26     0    0    0    0 2 162 -1 -1
 1533  ....     66.383   6.322   2.20     0    0    0    0 2 162 -1 -1
 1534  ....     66.427   6.393   2.14     0    0    0    0 2 162 -1 -1
 1535  ....     66.470   6.462   2.08     0    0    0    0 2 162 -1 -1
 1536  ....     66.513   6.530   2.02     0    0    0    0 2 162 -1 -1
 1537  ....     66.557   6.595   1.96     0    0    0    0 2 162 -1 -1
 1538  ....     66.600   6.658   1.90     0    0    0    0 2 162 -1 -1
 1539  ....     66.643   6.719   1.84     0    0    0    0 2 162 -1 -1
 1540  ....     66.686   6.778   1.78     0    0    0    0 2 162 -1 -1
 1541  ....     66.730   6.836   1.72     0    0    0    0 2 162 -1 -1
 1542  ....     66.773   6.891   1.66     0    0    0    0 2 162 -1 -1
 1543  ....     66.816   6.944   1.60     0    0    0    0 2 162 -1 -1
 1544  ....     66.859   6.995   1.54     0    0    0    0 2 162 -1 -1
 1545  ....     66.903   7.045   1.48     0    0    0    0 2 162 -1 -1
 1546  ....     66.946   7.092   1.42     0    0    0    0 2 162 -1 -1
 1547  ....     66.989   7.137   1.36     0    0    0    0 2 162 -1 -1
 1548  ....     67.033   7.180   1.30     0    0    0    0 2 162 -1 -1
 1549  ....     67.076   7.222   1.24     0    0    0    0 2 162 -1 -1
 1550  ....     67.119   7.261   1.18     0    0    0    0 2 162 -1 -1
 1551  ....     67.162   7.298   1.12     0    0    0    0 2 162 -1 -1
 1552  ....     67.206   7.333   1.06     0    0    0    0 2 162 -1 -1
 1553  HOLD     67.249   7.367   1.00     0    0    0    0 2 162 -1 -1
 1554  ....     67.292   7.398   0.94     0    0    0    0 2 162 -1 -1
 1555  ....     67.335   7.427   0.88     0    0    0    0 2 162 -1 -1
 1556  HOLD     67.379   7.455   0.82     0    0    0    0 2 162 -1 -1
 1557  HOLD     67.422   7.480   0.76     0    0    0    0 2 162 -1 -1
 1558  HOLD     67.465   7.503   0.70     0    0    0    0 2 162 -1 -1
 1559  HOLD     67.509   7.524   0.64     0    0    0    0 2 162 -1 -1
 1560  HOLD     67.552   7.544   0.58     0    0    0    0 2 162 -1 -1
 1561  HOLD     67.595   7.561   0.52     0    0    0    0 2 162 -1 -1
 1562  HOLD     67.638   7.576   0.46     0    0    0    0 2 162 -1 -1
 1563  HOLD     67.682   7.590   0.40     0    0    0    0 2 162 -1 -1
 1564  HOLD     67.725   7.601   0.34     0    0    0    0 2 162 -1 -1
 1565  HOLD     67.768   7.610   0.28     0    0    0    0 2 162 -1 -1
 1566  HOLD     67.811   7.618   0.22     0    0    0    0 2 162 -1 -1
 1567  HOLD     67.855   7.623   0.16     0    0    0    0 2 162 -1 -1
 1568  HOLD     67.898   7.626   0.10     0    0    0    0 2 162 -1 -1
 1569  HOLD     67.941   7.628   0.04     0    0    0    0 2 162 -1 -1
 1570  HOLD     67.985   7.627  -0.02     0    0    0    0 2 162 -1 -1
 1571  HOLD     68.028   7.624  -0.08     0    0    0    0 2 162 -1 -1
 1572  HOLD     68.071   7.620  -0.14     0    0    0    0 2 162 -1 -1
 1573  HOLD     68.114   7.613  -0.20     0    0    0    0 2 162 -1 -1
 1574  HOLD     68.158   7.604  -0.26     0    0    0    0 2 162 -1 -1
 1575  HOLD     68.201   7.594  -0.32     0    0    0    0 2 162 -1 -1
 1576  HOLD     68.244   7.581  -0.38     0    0    0    0 2 162 -1 -1
 1577  HOLD     68.287   7.567  -0.44     0    0    0    0 2 162 -1 -1
 1578  HOLD     68.331   7.550  -0.50     0    0    0    0 2 162 -1 -1
 1579  HOLD     68.374   7.531  -0.56     0    0    0    0 2 162 -1 -1
 1580  HOLD     68.417   7.511  -0.62     0    0    0    0 2 162 -1 -1
 1581  HOLD     68.461   7.488  -0.68     0    0    0    0 2 162 -1 -1
 1582  HOLD     68.504   7.463  -0.74     0    0    0    0 2 162 -1 -1
 1583  HOLD     68.547   7.437  -0.80     0    0    0    0 2 162 -1 -1
 1584  HOLD     68.590   7.408  -0.86     0    0    0    0 2 162 -1 -1
 1585  HOLD     68.634   7.378  -0.92     0    0    0    0 2 162 -1 -1
 1586  HOLD     68.677   7.345  -0.98     0    0    0    0 2 162 -1 -1
 1587  HOLD     68.720   7.310  -1.04     0    0    0    0 2 162 -1 -1
 1588  HOLD     68.764   7.274  -1.10     0    0    0    0 2 162 -1 -1
 1589  HOLD     68.807   7.235  -1.16     0    0    0    0 2 162 -1 -1
 1590  HOLD     68.850   7.195  -1.22     0    0    0    0 2 162 -1 -1
 1591  HOLD     68.893   7.152  -1.28     0    0    0    0 2 162 -1 -1
 1592  HOLD     68.937   7.108  -1.34     0    0    0    0 2 162 -1 -1
 1593  HOLD     68.980   7.061  -1.40     0    0    0    0 2 162 -1 -1
 1594  ....     69.023   7.012  -1.46     0    0    0    0 2 162 -1 -1
 1595  HOLD     69.066   6.962   1.01     0    0    0    1 2 217 217 -1
 1596  ....     69.110   6.997   1.07     0    0    0    1 2 217 -1 -1
 1597  ....     69.153   7.035   1.13     0    0    0    1 2 217 -1 -1
 1598  ....     69.196   7.074   1.19     0    0    0    1 2 217 -1 -1
 1599  ....     69.240   7.116   1.25     0    0    0    1 2 217 -1 -1
 1600  ....     69.283   7.160   1.31     0    0    0    1 2 217 -1 -1
 1601  ....     69.326   7.205   1.37     0    0    0    1 2 217 -1 -1
 1602  ....     69.369   7.253   1.43     0    0    0    1 2 217 -1 -1
 1603  ....     69.413   7.302   1.49     0    0    0    1 2 217 -1 -1
 1604  ....     69.456   7.354   1.55     0    0    0    1 2 217 -1 -1
 1605  ....     69.499   7.407   1.61     0    0    0    1 2 217 -1 -1
 1606  ....     69.543   7.463   1.66     0    0    0    1 2 217 -1 -1
 1607  ....     69.586   7.520   1.72     0    0    0    1 2 217 -1 -1
 1608  ....     69.629   7.580   1.78     0    0    0    1 2 217 -1 -1
 1609  ....     69.672   7.641   1.84     0    0    0    1 2 217 -1 -1
 1610  ....     69.716   7.705   1.90     0    0    0    1 2 217 -1 -1
 1611  ....     69.759   7.770   1.96     0    0    0    1 2 217 -1 -1
 1612  ....     69.802   7.837   2.02     0    0    0    1 2 217 -1 -1
 1613  ....     69.845   7.907   2.08     0    0    0    1 2 217 -1 -1
 1614  ....     69.889   7.978   2.14     0    0    0    1 2 217 -1 -1
 1615  ....     69.932   8.052   2.20     0    0    0    1 2 217 -1 -1
 1616  ....     69.975   8.127   2.26     0    0    0    1 2 217 -1 -1
 1617  ....     70.019   8.205   2.32     0    0    0    1 2 217 -1 -1
 1618  ....     70.062   8.284   2.38     0    0    0    1 2 217 -1 -1
 1619  ....     70.105   8.366   2.44     0    0    0    1 2 217 -1 -1
 1620  ....     70.148   8.449   2.50     0    0    0    1 2 217 -1 -1
 1621  ....     70.192   8.535   2.56     0    0    0    1 2 217 -1 -1
 1622  ....     70.235   8.622   2.62     0    0    0    1 2 217 -1 -1
 1623  ....     70.278   8.711   2.68     0    0    0    1 2 217 -1 -1
 1624  ....     70.322   8.803   2.74     0    0    0    1 2 217 -1 -1
 1625  ....     70.365   8.896   2.80     0    0    0    1 2 217 -1 -1
 1626  ....     70.408   8.992   2.86     0    0    0    1 2 217 -1 -1
 1627  ....     70.451   9.089   2.92     0    0    0    1 2 217 -1 -1
 1628  ....     70.495   9.189   2.98     0    0    0    1 2 217 -1 -1
 1629  ....     70.538   9.290   3.04     0    0    0    1 2 217 -1 -1
 1630  ....     70.581   9.393   3.10     0    0    0    1 2 217 -1 -1
 1631  ....     70.624   9.499   3.16     0    0    0    1 2 217 -1 -1
 1632  ....     70.668   9.606   3.22     0    0    0    1 2 217 -1 -1
 1633  ....     70.711   9.716   3.28     0    0    0    1 2 217 -1 -1
 1634  ....     70.754   9.827   3.34     0    0    0    1 2 217 -1 -1
 1635  ....     70.798   9.940   3.40     0    0    0    1 2 217 -1 -1
 1636  ....     70.841  10.056   3.46     0    0    0    1 2 217 -1 -1
 1637  HOLD     70.884  10.167   0.00     1    0    0    1 2 217 237 -1
 1638  HOLD     70.927  10.075  -2.74     0    0    0    1 2 217 -1 -1
 1639  ....     70.971   9.986  -2.68     0    0    0    1 2 217 -1 -1
 1640  ....     71.014   9.899  -2.62     0    0    0    1 2 217 -1 -1
 1641  ....     71.057   9.814  -2.56     0    0    0    1 2 217 -1 -1
 1642  ....     71.101   9.731  -2.50     0    0    0    1 2 217 -1 -1
 1643  ....     71.144   9.650  -2.44     0    0    0    1 2 217 -1 -1
 1644  ....     71.187   9.570  -2.38     0    0    0    1 2 217 -1 -1
 1645  ....     71.230   9.493  -2.32     0    0    0    1 2 217 -1 -1
 1646  ....     71.274   9.418  -2.26     0    0    0    1 2 217 -1 -1
 1647  ....     71.317   9.345  -2.20     0    0    0    1 2 217 -1 -1
 1648  ....     71.360   9.274  -2.14     0    0    0    1 2 217 -1 -1
 1649  HOLD     71.403   9.204  -2.08     0    0    0    1 2 217 -1 -1
 1650  ....     71.447   9.137  -2.02     0    0    0    1 2 217 -1 -1
 1651  ....     71.490   9.072  -1.96     0    0    0    1 2 217 -1 -1
 1652  ....     71.533   9.009  -1.90     0    0    0    1 2 217 -1 -1
 1653  ....     71.577   8.947  -1.84     0    0    0    1 2 217 -1 -1
 1654  ....     71.620   8.888  -1.78     0    0    0    1 2 217 -1 -1
 1655  ....     71.663   8.831  -1.72     0    0    0    1 2 217 -1 -1
 1656  ....     71.706   8.776  -1.66     0    0    0    1 2 217 -1 -1
 1657  ....     71.750   8.723  -1.60     0    0    0    1 2 217 -1 -1
 1658  ....     71.793   8.671  -1.54     0    0    0    1 2 217 -1 -1
 1659  ....     71.836   8.622  -1.48     0    0    0    1 2 217 -1 -1
 1660  ....     71.880   8.575  -1.42     0    0    0    1 2 217 -1 -1
 1661  ....     71.923   8.530  -1.36     0    0    0    1 2 217 -1 -1
 1662  ....     71.966   8.486  -1.30     0    0    0    1 2 217 -1 -1
 1663  ....     72.009   8.445  -1.24     0    0    0    1 2 217 -1 -1
 1664  ....     72.053   8.406  -1.18     0    0    0    1 2 217 -1 -1
 1665  ....     72.096   8.368  -1.12     0    0    0    1 2 217 -1 -1
 1666  HOLD     72.139   8.333  -1.06     0    0    0    1 2 217 -1 -1
 1667  ....     72.182   8.300  -1.00     0    0    0    1 2 217 -1 -1
 1668  ....     72.226   8.269  -0.94     0    0    0    1 2 217 -1 -1
 1669  ....     72.269   8.239  -0.88     0    0    0    1 2 217 -1 -1
 1670  ....     72.312   8.212  -0.82     0    0    0    1 2 217 -1 -1
 1671  ....     72.356   8.187  -0.76     0    0    0    1 2 217 -1 -1
 1672  ....     72.399   8.163  -0.70     0    0    0    1 2 217 -1 -1
 1673  ....     72.442   8.142  -0.64     0    0    0    1 2 217 -1 -1
 1674  ....     72.485   8.123  -0.58     0    0    0    1 2 217 -1 -1
 1675  ....     72.529   8.106  -0.52     0    0    0    1 2 217 -1 -1
 1676  ....     72.572   8.090  -0.46     0    0    0    1 2 217 -1 -1
 1677  ....     72.615   8.077  -0.40     0    0    0    1 2 217 -1 -1
 1678  ....     72.659   8.066  -0.34     0    0    0    1 2 217 -1 -1
 1679  ....     72.702   8.056  -0.28     0    0    0    1 2 217 -1 -1
 1680  ....     72.745   8.049  -0.22     0    0    0    1 2 217 -1 -1
 1681  ....     72.788   8.044  -0.16     0    0    0    1 2 217 -1 -1
 1682  ....     72.832   8.040  -0.10     0    0    0    1 2 217 -1 -1
 1683  ....     72.875   8.039  -0.04     0    0    0    1 2 217 -1 -1
 1684  HOLD     72.918   8.040   0.02     0    0    0    1 2 217 -1 -1
 1685  HOLD     72.961   8.042   0.08     0    0    0    1 2 217 -1 -1
 1686  ....     73.005   8.047   0.14     0    0    0    1 2 217 -1 -1
 1687  ....     73.048   8.054   0.20     0    0    0    1 2 217 -1 -1
 1688  ....     73.091   8.062   0.26     0    0    0    1 2 217 -1 -1
 1689  ....     73.135   8.073   0.32     0    0    0    1 2 217 -1 -1
 1690  ....     73.178   8.085   0.38     0    0    0    1 2 217 -1 -1
 1691  ....     73.221   8.100   0.44     0    0    0    1 2 217 -1 -1
 1692  ....     73.264   8.117   0.50     0    0    0    1 2 217 -1 -1
 1693  ....     73.308   8.135   0.56     0    0    0    1 2 217 -1 -1
 1694  ....     73.351   8.156   0.62     0    0    0    1 2 217 -1 -1
 1695  ....     73.394   8.179   0.68     0    0    0    1 2 217 -1 -1
 1696  ....     73.438   8.203   0.74     0    0    0    1 2 217 -1 -1
 1697  ....     73.481   8.230   0.80     0    0    0    1 2 217 -1 -1
 1698  ....     73.524   8.258   0.86     0    0    0    1 2 217 -1 -1
 1699  ....     73.567   8.289   0.92     0    0    0    1 2 217 -1 -1
 1700  ....     73.611   8.322   0.98     0    0    0    1 2 217 -1 -1
 1701  ....     73.654   8.356   1.04     0    0    0    1 2 217 -1 -1
 1702  ....     73.697   8.393   1.10     0    0    0    1 2 217 -1 -1
 1703  ....     73.740   8.431   1.16     0    0    0    1 2 217 -1 -1
 1704  ....     73.784   8.472   1.22     0    0    0    1 2 217 -1 -1
 1705  ....     73.827   8.515   1.28     0    0    0    1 2 217 -1 -1
 1706  ....     73.870   8.559   1.34     0    0    0    1 2 217 -1 -1
 1707  ....     73.914   8.606   1.40     0    0    0    1 2 217 -1 -1
 1708  ....     73.957   8.654   1.46     0    0    0    1 2 217 -1 -1
 1709  ....     74.000   8.705   1.52     0    0    0    1 2 217 -1 -1
 1710  ....     74.043   8.757   1.58     0    0    0    1 2 217 -1 -1
 1711  ....     74.087   8.812   1.64     0    0    0    1 2 217 -1 -1
 1712  ....     74.130   8.868   1.70     0    0    0    1 2 217 -1 -1
 1713  ....     74.173   8.927   1.76     0    0    0    1 2 217 -1 -1
 1714  ....     74.217   8.988   1.82     0    0    0    1 2 217 -1 -1
 1715  ....     74.260   9.050   1.88     0    0    0    1 2 217 -1 -1
 1716  ....     74.303   9.115   1.94     0    0    0    1 2 217 -1 -1
 1717  ....     74.346   9.181   2.00     0    0    0    1 2 217 -1 -1
 1718  ....     74.390   9.250   2.06     0    0    0    1 2 217 -1 -1
 1719  ....     74.433   9.320   2.12     0    0    0    1 2 217 -1 -1
 1720  ....     74.476   9.393   2.18     0    0    0    1 2 217 -1 -1
 1721  ....     74.519   9.467   2.24     0    0    0    1 2 217 -1 -1
 1722  ....     74.563   9.544   2.30     0    0    0    1 2 217 -1 -1
 1723  ....     74.606   9.622   2.36     0    0    0    1 2 217 -1 -1
 1724  ....     74.649   9.703   2.42     0    0    0    1 2 217 -1 -1
 1725  ....     74.693   9.785   2.48     0    0    0    1 2 217 -1 -1
 1726  ....     74.736   9.870   2.53     0    0    0    1 2 217 -1 -1
 1727  ....     74.779   9.956   2.59     0    0    0    1 2 217 -1 -1
 1728  ....     74.822  10.045   2.65     0    0    0    1 2 217 -1 -1
 1729  HOLD     74.866  10.135  -1.01     0    0    0    0 2 245 245 -1
 1730  ....     74.909  10.100  -1.07     0    0    0    0 2 245 -1 -1
 1731  ....     74.952  10.062  -1.13     0    0    0    0 2 245 -1 -1
 1732  ....     74.996  10.023  -1.19     0    0    0    0 2 245 -1 -1
 1733  ....     75.039   9.981  -1.25     0    0    0    0 2 245 -1 -1
 1734  HOLD     75.082   9.938  -1.31     0    0    0    0 2 245 -1 -1
 1735  ....     75.125   9.892  -1.37     0    0    0    0 2 245 -1 -1
 1736  ....     75.169   9.845  -1.43     0    0    0    0 2 245 -1 -1
 1737  ....     75.212   9.795  -1.49     0    0    0    0 2 245 -1 -1
 1738  HOLD     75.255   9.744  -1.55     0    0    0    0 2 245 -1 -1
 1739  HOLD     75.299   9.690  -1.61     0    0    0    0 2 245 -1 -1
 1740  ....     75.342   9.635  -1.66     0    0    0    0 2 245 -1 -1
 1741  ....     75.385   9.577  -1.72     0    0    0    0 2 245 -1 -1
 1742  HOLD     75.428   9.518  -1.78     0    0    0    0 2 245 -1 -1
 1743  ....     75.472   9.456  -1.84     0    0    0    0 2 245 -1 -1
 1744  HOLD     75.515   9.393  -1.90     0    0    0    0 2 245 -1 -1
 1745  HOLD     75.558   9.327  -1.96     0    0    0    0 2 245 -1 -1
 1746  HOLD     75.601   9.260  -2.02     0    0    0    0 2 245 -1 -1
 1747  HOLD     75.645   9.190  -2.08     0    0    0    0 2 245 -1 -1
 1748  HOLD     75.688   9.119  -2.14     0    0    0    0 2 245 -1 -1
 1749  ....     75.731   9.045  -2.20     0    0    0    0 2 245 -1 -1
 1750  HOLD     75.775   8.970  -2.26     0    0    0    0 2 245 -1 -1
 1751  HOLD     75.818   8.892  -2.32     0    0    0    0 2 245 -1 -1
 1752  ....     75.861   8.813  -2.38     0    0    0    0 2 245 -1 -1
 1753  HOLD     75.904   8.731  -2.44     0    0    0    0 2 245 -1 -1
 1754  HOLD     75.948   8.648  -2.50     0    0    0    0 2 245 -1 -1
 1755  ....     75.991   8.563  -2.56     0    0    0    0 2 245 -1 -1
 1756  HOLD     76.034   8.475  -2.62     0    0    0    0 2 245 -1 -1
 1757  HOLD     76.077   8.386  -2.68     0    0    0    0 2 245 -1 -1
 1758  ....     76.121   8.294  -2.74     0    0    0    0 2 245 -1 -1
 1759  ....     76.164   8.201  -2.80     0    0    0    0 2 245 -1 -1
 1760  ....     76.207   8.105  -2.86     0    0    0    0 2 245 -1 -1
 1761  ....     76.251   8.008  -2.92     0    0    0    0 2 245 -1 -1
 1762  ....     76.294   7.909  -2.98     0    0    0    0 2 245 -1 -1
 1763  ....     76.337   7.807  -3.04     0    0    0    0 2 245 -1 -1
 1764  HOLD     76.380   7.704  -3.10     0    0    0    0 2 245 -1 -1
 1765  HOLD     76.424   7.598  -3.16     0    0    0    0 2 245 -1 -1
 1766  ....     76.467   7.491  -3.22     0    0    0    0 2 245 -1 -1
 1767  ....     76.510   7.382  -3.28     0    0    0    0 2 245 -1 -1
 1768  HOLD     76.554   7.270  -3.34     0    0    0    0 2 245 -1 -1
 1769  ....     76.597   7.157  -3.40     0    0    0    0 2 245 -1 -1
 1770  HOLD     76.640   7.041  -3.46     0    0    0    0 2 245 -1 -1
 1771  HOLD     76.683   6.924  -3.52     0    0    0    0 2 245 -1 -1
 1772  ....     76.727   6.805  -3.58     0    0    0    0 2 245 -1 -1
 1773  ....     76.770   6.683  -3.64     0    0    0    0 2 245 -1 -1
 1774  ....     76.813   6.560  -3.70     0    0    0    0 2 245 -1 -1
 1775  ....     76.857   6.435  -3.75     0    0    0    0 2 245 -1 -1
 1776  ....     76.900   6.310  -3.75     0    0    0    0 2 245 -1 -1
 1777  ....     76.943   6.185  -3.75     0    0    0    1 2 245 244 -1
 1778  ....     76.986   6.062  -3.69     0    0    0    1 2 245 244 -1
 1779  ....     77.030   5.941  -3.63     0    0    0    1 2 245 244 -1
 1780  ....     77.073   5.822  -3.57     0    0    0    1 2 245 244 -1
 1781  ....     77.116   5.705  -3.51     0    0    0    1 2 245 244 -1
 1782  ....     77.159   5.590  -3.45     0    0    0    1 2 245 244 -1
 1783  ....     77.203   5.477  -3.39     0    0    0    1 2 245 244 -1
 1784  ....     77.246   5.366  -3.33     0    0    0    1 2 245 244 -1
 1785  ....     77.289   5.257  -3.27     0    0    0    1 2 245 244 -1
 1786  ....     77.333   5.150  -3.21     0    0    0    1 2 245 244 -1
 1787  ....     77.376   5.045  -3.15     0    0    0    1 2 245 244 -1
 1788  ....     77.419   4.942  -3.09     0    0    0    1 2 245 -1 -1
 1789  ....     77.462   4.841  -3.03     0    0    0    1 2 245 -1 -1
 1790  ....     77.506   4.742  -2.97     0    0    0    1 2 245 -1 -1
 1791  ....     77.549   4.644  -2.91     0    0    0    1 2 245 -1 -1
 1792  ....     77.592   4.549  -2.85     0    0    0    1 2 245 -1 -1
 1793  ....     77.636   4.456  -2.79     0    0    0    1 2 245 -1 -1
 1794  ....     77.679   4.365  -2.73     0    0    0    1 2 245 -1 -1
 1795  ....     77.722   4.276  -2.67     0    0    0    1 2 245 -1 -1
 1796  ....     77.765   4.189  -2.61     0    0    0    1 2 245 -1 -1
 1797  ....     77.809   4.104  -2.55     0    0    0    1 2 245 -1 -1
 1798  ....     77.852   4.021  -2.49     0    0    0    1 2 245 -1 -1
 1799  ....     77.895   3.940  -2.43     0    0    0    1 2 245 -1 -1
 1800  ....     77.938   3.861  -2.37     0    0    0    1 2 245 -1 -1
 1801  ....     77.982   3.784  -2.31     0    0    0    1 2 245 -1 -1
 1802  ....     78.025   3.709  -2.25     0    0    0    1 2 245 -1 -1
 1803  ....     78.068   3.636  -2.19     0    0    0    1 2 245 -1 -1
 1804  ....     78.112   3.564  -2.13     0    0    0    1 2 245 -1 -1
 1805  ....     78.155   3.495  -2.07     0    0    0    1 2 245 -1 -1
 1806  ....     78.198   3.428  -2.01     0    0    0    1 2 245 -1 -1
 1807  ....     78.241   3.363  -1.95     0    0    0    1 2 245 -1 -1
 1808  ....     78.285   3.300  -1.89     0    0    0    1 2 245 -1 -1
 1809  ....     78.328   3.239  -1.83     0    0    0    1 2 245 -1 -1
 1810  ....     78.371   3.180  -1.77     0    0    0    1 2 245 -1 -1
 1811  ....     78.415   3.123  -1.71     0    0    0    1 2 245 -1 -1
 1812  ....     78.458   3.067  -1.65     0    0    0    1 2 245 -1 -1
 1813  ....     78.501   3.014  -1.59     0    0    0    1 2 245 -1 -1
 1814  ....     78.544   2.963  -1.53     0    0    0    1 2 245 -1 -1
 1815  ....     78.588   2.914  -1.47     0    0    0    1 2 245 -1 -1
 1816  ....     78.631   2.867  -1.41     0    0    0    1 2 245 -1 -1
 1817  ....     78.674   2.822  -1.35     0    0    0    1 2 245 -1 -1
 1818  ....     78.717   2.779  -1.29     0    0    0    1 2 245 -1 -1
 1819  ....     78.761   2.737  -1.23     0    0    0    1 2 245 -1 -1
 1820  ....     78.804   2.698  -1.17     0    0    0    1 2 245 -1 -1
 1821  ....     78.847   2.661  -1.11     0    0    0    1 2 245 -1 -1
 1822  ....     78.891   2.626  -1.06     0    0    0    1 2 245 -1 -1
 1823  ....     78.934   2.593  -1.00     0    0    0    1 2 245 -1 -1
 1824  ....     78.977   2.562  -0.94     0    0    0    1 2 245 -1 -1
 1825  ....     79.020   2.532  -0.88     0    0    0    1 2 245 -1 -1
 1826  ....     79.064   2.505  -0.82     0    0    0    1 2 245 -1 -1
 1827  ....     79.107   2.480  -0.76     0    0    0    1 2 245 -1 -1
 1828  ....     79.150   2.457  -0.70     0    0    0    1 2 245 -1 -1
 1829  ....     79.194   2.436  -0.64     0    0    0    1 2 245 -1 -1
 1830  ....     79.237   2.416  -0.58     0    0    0    1 2 245 -1 -1
 1831  ....     79.280   2.399  -0.52     0    0    0    1 2 245 -1 -1
 1832  ....     79.323   2.384  -0.46     0    0    0    1 2 245 -1 -1
 1833  ....     79.367   2.371  -0.40     0    0    0    1 2 245 -1 -1
 1834  ....     79.410   2.360  -0.34     0    0    0    1 2 245 -1 -1
 1835  HOLD     79.453   2.350  -0.28     0    0    0    1 2 245 -1 -1
 1836  ....     79.496   2.343  -0.22     0    0    0    1 2 245 -1 -1
 1837  HOLD     79.540   2.338  -0.16     0    0    0    1 2 245 -1 -1
 1838  ....     79.583   2.335  -0.10     0    0    0    1 2 245 -1 -1
 1839  HOLD     79.626   2.334  -0.04     0    0    0    1 2 245 -1 -1
 1840  HOLD     79.670   2.334   0.02     0    0    0    1 2 245 -1 -1
 1841  HOLD     79.713   2.337   0.08     0    0    0    1 2 245 -1 -1
 1842  HOLD     79.756   2.342   0.14     0    0    0    1 2 245 -1 -1
 1843  ....     79.799   2.349   0.20     0    0    0    1 2 245 -1 -1
 1844  ....     79.843   2.357   0.26     0    0    0    1 2 245 -1 -1
 1845  ....     79.886   2.368   0.32     0    0    0    1 2 245 -1 -1
 1846  HOLD     79.929   2.381   0.38     0    0    0    1 2 245 -1 -1
 1847  HOLD     79.973   2.396   0.44     0    0    0    1 2 245 -1 -1
 1848  ....     80.016   2.412   0.50     0    0    0    1 2 245 -1 -1
 1849  ....     80.059   2.431   0.56     0    0    0    1 2 245 -1 -1
 1850  ....     80.102   2.452   0.62     0    0    0    1 2 245 -1 -1
 1851  ....     80.146   2.474   0.68     0    0    0    1 2 245 -1 -1
 1852  HOLD     80.189   2.499   0.74     0    0    0    1 2 245 -1 -1
 1853  ....     80.232   2.526   0.80     0    0    0    1 2 245 -1 -1
 1854  ....     80.275   2.555   0.86     0    0    0    1 2 245 -1 -1
 1855  HOLD     80.319   2.585   0.92     0    0    0    1 2 245 -1 -1
 1856  ....     80.362   2.618   0.98     0    0    0    1 2 245 -1 -1
 1857  ....     80.405   2.653   1.04     0    0    0    1 2 245 -1 -1
 1858  HOLD     80.449   2.689   1.10     0    0    0    1 2 245 -1 -1
 1859  ....     80.492   2.728   1.16     0    0    0    1 2 245 -1 -1
 1860  ....     80.535   2.769   1.22     0    0    0    1 2 245 -1 -1
 1861  ....     80.578   2.811   1.28     0    0    0    1 2 245 -1 -1
 1862  ....     80.622   2.856   1.34     0    0    0    1 2 245 -1 -1
 1863  HOLD     80.665   2.903   1.40     0    0    0    1 2 245 -1 -1
 1864  ....     80.708   2.951   1.46     0    0    0    1 2 245 -1 -1
 1865  ....     80.752   3.002   1.52     0    0    0    1 2 245 -1 -1
 1866  ....     80.795   3.055   1.58     0    0    0    1 2 245 -1 -1
 1867  ....     80.838   3.109   1.64     0    0    0    1 2 245 -1 -1
 1868  ....     80.881   3.166   1.70     0    0    0    1 2 245 -1 -1
 1869  HOLD     80.925   3.225   1.76     0    0    0    1 2 245 -1 -1
 1870  ....     80.968   3.285   1.82     0    0    0    1 2 245 -1 -1
 1871  HOLD     81.011   3.348   1.88     0    0    0    1 2 245 -1 -1
 1872  ....     81.054   3.413   1.94     0    0    0    1 2 245 -1 -1
 1873  ....     81.098   3.479   2.00     0    0    0    1 2 245 -1 -1
 1874  ....     81.141   3.548   2.06     0    0    0    1 2 245 -1 -1
 1875  ....     81.184   3.619   2.12     0    0    0    1 2 245 -1 -1
 1876  ....     81.228   3.691   2.18     0    0    0    1 2 245 -1 -1
 1877  ....     81.271   3.766   2.24     0    0    0    1 2 245 -1 -1
 1878  ....     81.314   3.843   2.30     0    0    0    1 2 245 -1 -1
 1879  ....     81.357   3.921   2.36     0    0    0    1 2 245 -1 -1
 1880  ....     81.401   4.002   2.42     0    0    0    1 2 245 -1 -1
 1881  ....     81.444   4.084   2.48     0    0    0    1 2 245 -1 -1
 1882  ....     81.487   4.169   2.54     0    0    0    1 2 245 -1 -1
 1883  HOLD     81.531   4.256   2.60     0    0    0    1 2 245 -1 -1
 1884  HOLD     81.574   4.344   2.66     0    0    0    1 2 245 -1 -1
 1885  HOLD     81.617   4.435   2.72     0    0    0    1 2 245 -1 -1
 1886  ....     81.660   4.527   2.78     0    0    0    1 2 245 -1 -1
 1887  ....     81.704   4.622   2.84     0    0    0    1 2 245 -1 -1
 1888  ....     81.747   4.719   2.90     0    0    0    1 2 245 -1 -1
 1889  ....     81.790   4.817   2.96     0    0    0    1 2 245 -1 -1
 1890  ....     81.833   4.918   3.02     0    0    0    1 2 245 -1 -1
 1891  ....     81.877   5.020   3.08     0    0    0    1 2 245 -1 -1
 1892  ....     81.920   5.125   3.14     0    0    0    1 2 245 -1 -1
 1893  ....     81.963   5.231   3.20     0    0    0    1 2 245 -1 -1
 1894  ....     82.007   5.340   3.26     0    0    0    1 2 245 -1 -1
 1895  ....     82.050   5.451   3.32     0    0    0    1 2 245 -1 -1
 1896  ....     82.093   5.563   3.38     0    0    0    1 2 245 -1 -1
 1897  ....     82.136   5.678   3.44     0    0    0    1 2 245 -1 -1
 1898  ....     82.180   5.794   3.50     0    0    0    1 2 245 -1 -1
 1899  ....     82.223   5.913   3.56     0    0    0    1 2 245 -1 -1
 1900  ....     82.266   6.033   3.62     0    0    0    1 2 245 -1 -1
 1901  ....     82.310   6.156   3.68     0    0    0    1 2 245 -1 -1
 1902  ....     82.353   6.280   3.74     0    0    0    1 2 245 -1 -1
 1903  ....     82.396   6.405   3.75     0    0    0    1 2 245 -1 -1
 1904  ....     82.439   6.530   3.75     0    0    0    1 2 245 -1 -1
 1905  ....     82.483   6.655   3.75     0    0    0    1 2 245 -1 -1
 1906  ....     82.526   6.780   3.75     0    0    0    1 2 245 -1 -1
 1907  ....     82.569   6.905   3.75     0    0    0    1 2 245 -1 -1
 1908  ....     82.612   7.030   3.75     0    0    0    1 2 245 -1 -1
 1909  ....     82.656   7.155   3.75     0    0    0    1 2 245 -1 -1
 1910  ....     82.699   7.280   3.75     0    0    0    1 2 245 -1 -1
 1911  ....     82.742   7.405   3.75     0    0    0    1 2 245 -1 -1
 1912  ....     82.786   7.530   3.75     0    0    0    1 2 245 -1 -1
 1913  ....     82.829   7.655   3.75     0    0    0    1 2 245 -1 -1
 1914  ....     82.872   7.780   3.75     0    0    0    1 2 245 -1 -1
 1915  ....     82.915   7.905   3.75     0    0    0    1 2 245 -1 -1
 1916  ....     82.959   8.030   3.75     0    0    0    1 2 245 -1 -1
 1917  ....     83.002   8.155   3.75     0    0    0    1 2 245 -1 -1
 1918  ....     83.045   8.280   3.75     0    0    0    1 2 245 -1 -1
 1919  ....     83.089   8.405   3.75     0    0    0    1 2 245 -1 -1
 1920  ....     83.132   8.530   3.75     0    0    0    1 2 245 -1 -1
 1921  ....     83.175   8.655   3.75     0    0    0    1 2 245 -1 -1
 1922  ....     83.218   8.780   3.75     0    0    0    1 2 245 -1 -1
 1923  ....     83.262   8.905   3.75     0    0    0    1 2 245 -1 -1
 1924  ....     83.305   9.030   3.75     0    0    0    1 2 245 -1 -1
 1925  ....     83.348   9.155   3.75     0    0    0    1 2 245 -1 -1
 1926  ....     83.391   9.280   3.75     0    0    0    1 2 245 -1 -1
 1927  ....     83.435   9.405   3.75     0    0    0    1 2 245 -1 -1
 1928  ....     83.478   9.530   3.75     0    0    0    1 2 245 -1 -1
 1929  ....     83.521   9.655   3.75     0    0    0    1 2 245 -1 -1
 1930  ....     83.565   9.780   3.75     0    0    0    1 2 245 -1 -1
 1931  ....     83.608   9.905   3.75     0    0    0    1 2 245 -1 -1
 1932  ....     83.651  10.030   3.75     0    0    0    1 2 245 -1 -1
 1933  ....     83.694  10.155   3.75     0    0    0    1 2 245 -1 -1
 1934  ....     83.738  10.280   3.75     0    0    0    1 2 245 -1 -1
 1935  ....     83.781  10.405   3.75     0    0    0    1 2 245 -1 -1
 1936  ....     83.824  10.530   3.75     0    0    0    1 2 245 -1 -1
 1937  ....     83.868  10.655   3.75     0    0    0    1 2 245 -1 -1
 1938  ....     83.911  10.780   3.75     0    0    0    1 2 245 -1 -1
 1939  ....     83.954  10.905   3.75     0    0    0    1 2 245 -1 -1
 1940  ....     83.997  11.030   3.75     0    0    0    1 2 245 -1 -1
 1941  ....     84.041  11.155   3.75     0    0    0    1 2 245 -1 -1
 1942  ....     84.084  11.280   3.75     0    0    0    1 2 245 -1 -1
 1943  ....     84.127  11.405   3.75     0    0    0    1 2 245 -1 -1
 1944  ....     84.170  11.530   3.75     0    0    0    1 2 245 -1 -1
 1945  ....     84.214  11.655   3.75     0    0    0    1 2 245 -1 -1
 1946  ....     84.257  11.780   3.75     0    0    0    1 2 245 -1 -1
 1947  ....     84.300  11.905   3.75     0    0    0    1 2 245 -1 -1
 1948  ....     84.344  12.030   3.75     0    0    0    1 2 245 -1 -1
 1949  ....     84.387  12.155   3.75     0    0    0    1 2 245 -1 -1
 1950  ....     84.430  12.280   3.75     0    0    0    1 2 245 -1 -1
 1951  ....     84.473  12.405   3.75     0    0    0    1 2 245 -1 -1
 1952  ....     84.517  12.530   3.75     0    0    0    1 2 245 -1 -1
 1953  ....     84.560  12.655   3.75     0    0    0    1 2 245 -1 -1
 1954  ....     84.603  12.780   3.75     0    0    0    1 2 245 -1 -1
 1955  ....     84.647  12.905   3.75     0    0    0    1 2 245 -1 -1
 1956  ....     84.690  13.030   3.75     0    0    0    1 2 245 -1 -1
 1957  ....     84.733  13.155   3.75     0    0    0    1 2 245 -1 -1
 1958  ....     84.776  13.280   3.75     0    0    0    1 2 245 -1 -1
 1959  ....     84.820  13.405   3.75     0    0    0    1 2 245 -1 -1
 1960  ....     84.863  13.530   3.75     0    0    0    1 2 245 -1 -1
 1961  ....     84.906  13.655   3.75     0    0    0    1 2 245 -1 -1
 1962  ....     84.949  13.780   3.75     0    0    0    1 2 245 -1 -1
 1963  ....     84.993  13.905   3.75     0    0    0    1 2 245 -1 -1
 1964  ....     85.036  14.030   3.75     0    0    0    1 2 245 -1 -1
 1965  ....     85.079  14.155   3.75     0    0    0    1 2 245 -1 -1
 1966  ....     85.123  14.280   3.75     0    0    0    1 2 245 -1 -1
 1967  ....     85.166  14.405   3.75     0    0    0    1 2 245 -1 -1
 1968  ....     85.209  14.530   3.75     0    0    0    1 2 245 -1 -1
 1969  ....     85.252  14.655   3.75     0    0    0    1 2 245 -1 -1
 1970  ....     85.296  14.780   3.75     0    0    0    1 2 245 -1 -1
 1971  ....     85.339  14.905   3.75     0    0    0    1 2 245 -1 -1
 1972  ....     85.382  15.030   3.75     0    0    0    1 2 245 -1 -1
 1973  ....     85.426  15.155   3.75     0    0    0    1 2 245 -1 -1
 1974  ....     85.469  15.280   3.75     0    0    0    1 2 245 -1 -1
 1975  ....     85.512  15.405   3.75     0    0    0    1 2 245 -1 -1
 1976  ....     85.555  15.530   3.75     0    0    0    1 2 245 -1 -1
 1977  ....     85.599  15.655   3.75     0    0    0    1 2 245 -1 -1
 1978  ....     85.642  15.780   3.75     0    0    0    1 2 245 -1 -1
 1979  ....     85.685  15.905   3.75     0    0    0    1 2 245 -1 -1
 1980  ....     85.728  16.030   3.75     0    0    0    1 2 245 -1 -1
 1981  ....     85.772  16.155   3.75     0    0    0    1 2 245 -1 -1
 1982  ....     85.815  16.280   3.75     0    0    0    1 2 245 -1 -1
 1983  ....     85.858  16.405   3.75     0    0    0    1 2 245 -1 -1
 1984  ....     85.902  16.530   3.75     0    0    0    1 2 245 -1 -1
 1985  ....     85.945  16.655   3.75     0    0    0    1 2 245 -1 -1
 1986  ....     85.988  16.780   3.75     0    0    0    1 2 245 -1 -1
 1987  ....     86.031  16.905   3.75     0    0    0    1 2 245 -1 -1
 1988  ....     86.075  17.030   3.75     0    0    0    1 2 245 -1 -1
 1989  ....     86.118  17.155   3.75     0    0    0    1 2 245 -1 -1
 1990  ....     86.161  17.280   3.75     0    0    0    1 2 245 -1 -1
 1991  ....     86.205  17.405   3.75     0    0    0    1 2 245 -1 -1
 1992  ....     86.248  17.530   3.75     0    0    0    1 2 245 -1 -1
 1993  ....     86.291  17.655   3.75     0    0    0    1 2 245 -1 -1
 1994  ....     86.334  17.780   3.75     0    0    0    1 2 245 -1 -1
 1995  ....     86.378  17.905   3.75     0    0    0    1 2 245 -1 -1
 1996  ....     86.421  18.030   3.75     0    0    0    1 2 245 -1 -1
 1997  ....     86.464  18.155   3.75     0    0    0    1 2 245 -1 -1
 1998  ....     86.507  18.280   3.75     0    0    0    1 2 245 -1 -1
 1999  ....     86.551  18.405   3.75     0    0    0    1 2 245 -1 -1
 2000  ....     86.594  18.530   3.75     0    0    0    1 2 245 -1 -1
 2001  ....     86.637  18.655   3.75     0    0    0    1 2 245 -1 -1
 2002  ....     86.681  18.780   3.75     0    0    0    1 2 245 -1 -1
 2003  ....     86.724  18.905   3.75     0    0    0    1 2 245 -1 -1
 2004  ....     86.767  19.030   3.75     0    0    0    1 2 245 -1 -1
 2005  ....     86.810  19.155   3.75     0    0    0    1 2 245 -1 -1
 2006  ....     86.854  19.280   3.75     0    0    0    1 2 245 -1 -1
 2007  ....     86.897  19.405   3.75     0    0    0    1 2 245 -1 -1
 2008  ....     86.940  19.530   3.75     0    0    0    1 2 245 -1 -1
 2009  ....     86.984  19.655   3.75     0    0    0    1 2 245 -1 -1
 2010  ....     87.027  19.780   3.75     0    0    0    1 2 245 -1 -1
 2011  ....     87.070  19.905   3.75     0    0    0    1 2 245 -1 -1
 2012  ....     87.113  20.030   3.75     0    0    0    1 2 245 -1 -1
 2013  ....     87.157  20.155   3.75     0    0    0    1 2 245 -1 -1
 2014  ....     87.200  20.280   3.75     0    0    0    1 2 245 -1 -1
 2015  ....     87.243  20.405   3.75     0    0    0    1 2 245 -1 -1
 2016  ....     87.287  20.530   3.75     0    0    0    1 2 245 -1 -1
 2017  ....     87.330  20.655   3.75     0    0    0    1 2 245 -1 -1
 2018  ....     87.373  20.780   3.75     0    0    0    1 2 245 -1 -1
 2019  ....     87.416  20.905   3.75     0    0    0    1 2 245 -1 -1
 2020  ....     87.460  21.030   3.75     0    0    0    1 2 245 -1 -1
 2021  ....     87.503  21.155   3.75     0    0    0    1 2 245 -1 -1
 2022  ....     87.546  21.280   3.75     0    0    0    1 2 245 -1 -1
 2023  ....     87.589  21.405   3.75     0    0    0    1 2 245 -1 -1
 2024  ....     87.633  21.530   3.75     0    0    0    1 2 245 -1 -1
 2025  ....     87.676  21.655   3.75     0    0    0    1 2 245 -1 -1
 2026  ....     87.719  21.780   3.75     0    0    0    1 2 245 -1 -1
 2027  ....     87.763  21.905   3.75     0    0    0    1 2 245 -1 -1
 2028  ....     87.806  22.030   3.75     0    0    0    1 2 245 -1 -1
 2029  ....     87.849  22.155   3.75     0    0    0    1 2 245 -1 -1
 2030  ....     87.892  22.280   3.75     0    0    0    1 2 245 -1 -1
 2031  ....     87.936  22.405   3.75     0    0    0    1 2 245 -1 -1
 2032  HOLD     87.979  22.530   3.75     0    0    0    1 2 245 -1 -1
 2033  ....     88.022  22.655   3.75     0    0    0    1 2 245 -1 -1
 2034  ....     88.066  22.780   3.75     0    0    0    1 2 245 -1 -1
 2035  ....     88.109  22.905   3.75     0    0    0    1 2 245 -1 -1
 2036  ....     88.152  23.030   3.75     0    0    0    1 2 245 -1 -1
 2037  ....     88.195  23.155   3.75     0    0    0    1 2 245 -1 -1
 2038  ....     88.239  23.280   3.75     0    0    0    1 2 245 -1 -1
 2039  ....     88.282  23.405   3.75     0    0    0    1 2 245 -1 -1
 2040  ....     88.325  23.530   3.75     0    0    0    1 2 245 -1 -1
 2041  ....     88.368  23.655   3.75     0    0    0    1 2 245 -1 -1
 2042  ....     88.412  23.780   3.75     0    0    0    1 2 245 -1 -1
 2043  HOLD     88.455  23.905   3.75     0    0    0    1 2 245 -1 -1
 2044  ....     88.498  24.030   3.75     0    0    0    1 2 245 -1 -1
 2045  ....     88.542  24.155   3.75     0    0    0    1 2 245 -1 -1
 2046  ....     88.585  24.280   3.75     0    0    0    1 2 245 -1 -1
 2047  ....     88.628  24.405   3.75     0    0    0    1 2 245 -1 -1
 2048  ....     88.671  24.530   3.75     0    0    0    1 2 245 -1 -1
 2049  HOLD     88.715  24.655   3.75     0    0    0    1 2 245 -1 -1
 2050  ....     88.758  24.780   3.75     0    0    0    1 2 245 -1 -1
 2051  ....     88.801  24.905   3.75     0    0    0    1 2 245 -1 -1
 2052  ....     88.845  25.030   3.75     0    0    0    1 2 245 -1 -1
 2053  HOLD     88.888  25.155   3.75     0    0    0    1 2 245 -1 -1
 2054  HOLD     88.931  25.280   3.75     0    0    0    1 2 245 -1 -1
 2055  HOLD     88.974  25.405   3.75     0    0    0    1 2 245 -1 -1
 2056  HOLD     89.018  25.530   3.75     0    0    0    1 2 245 -1 -1
 2057  HOLD     89.061  25.655   3.75     0    0    0    1 2 245 -1 -1
 2058  HOLD     89.104  25.780   3.75     0    0    0    1 2 245 -1 -1
 2059  HOLD     89.147  25.905   3.75     0    0    0    1 2 245 -1 -1
 2060  HOLD     89.191  26.030   3.75     0    0    0    1 2 245 -1 -1
 2061  HOLD     89.234  26.155   3.75     0    0    0    1 2 245 -1 -1
 2062  HOLD     89.277  26.280   3.75     0    0    0    1 2 245 -1 -1
 2063  HOLD     89.321  26.405   3.75     0    0    0    1 2 245 -1 -1
 2064  HOLD     89.364  26.530   3.75     0    0    0    1 2 245 -1 -1
 2065  HOLD     89.407  26.655   3.75     0    0    0    1 2 245 -1 -1
 2066  HOLD     89.450  26.780   3.75     0    0    0    1 2 245 -1 -1
 2067  HOLD     89.494  26.905   3.75     0    0    0    1 2 245 -1 -1
 2068  HOLD     89.537  27.030   3.75     0    0    0    1 2 245 -1 -1
 2069  HOLD     89.580  27.155   3.75     0    0    0    1 2 245 -1 -1
 2070  HOLD     89.624  27.280   3.75     0    0    0    1 2 245 -1 -1
 2071  HOLD     89.667  27.405   3.75     0    0    0    1 2 245 -1 -1
 2072  HOLD     89.710  27.530   3.75     0    0    0    1 2 245 -1 -1
 2073  HOLD     89.753  27.655   3.75     0    0    0    1 2 245 -1 -1
 2074  HOLD     89.797  27.780   3.75     0    0    0    1 2 245 -1 -1
 2075  HOLD     89.840  27.905   3.75     0    0    0    1 2 245 -1 -1
 2076  HOLD     89.883  28.030   3.75     0    0    0    1 2 245 -1 -1
 2077  HOLD     89.926  28.155   3.75     0    0    0    1 2 245 -1 -1
 2078  HOLD     89.970  28.280   3.75     0    0    0    1 2 245 -1 -1
 2079  HOLD     90.013  28.405   3.75     0    0    0    1 2 245 -1 -1
 2080  HOLD     90.056  28.530   3.75     0    0    0    1 2 245 -1 -1
 2081  HOLD     90.100  28.655   3.75     0    0    0    1 2 245 -1 -1
 2082  HOLD     90.143  28.780   3.75     0    0    0    1 2 245 -1 -1
 2083  HOLD     90.186  28.905   3.75     0    0    0    1 2 245 -1 -1
 2084  HOLD     90.229  29.030   3.75     0    0    0    1 2 245 -1 -1
 2085  HOLD     90.273  29.155   3.75     0    0    0    1 2 245 -1 -1
 2086  HOLD     90.316  29.280   3.75     0    0    0    1 2 245 -1 -1
 2087  HOLD     90.359  29.405   3.75     0    0    0    1 2 245 -1 -1
 2088  HOLD     90.403  29.530   3.75     0    0    0    1 2 245 -1 -1
 2089  HOLD     90.446  29.655   3.75     0    0    0    1 2 245 -1 -1
 2090  HOLD     90.489  29.780   3.75     0    0    0    1 2 245 -1 -1
 2091  HOLD     90.532  29.905   3.75     0    0    0    1 2 245 -1 -1
 2092  HOLD     90.576  30.030   3.75     0    0    0    1 2 245 -1 -1
 2093  HOLD     90.619  30.155   3.75     0    0    0    1 2 245 -1 -1
 2094  HOLD     90.662  30.280   3.75     0    0    0    1 2 245 -1 -1
 2095  HOLD     90.705  30.405   3.75     0    0    0    1 2 245 -1 -1
 2096  HOLD     90.749  30.530   3.75     0    0    0    1 2 245 -1 -1
 2097  HOLD     90.792  30.655   3.75     0    0    0    1 2 245 -1 -1
 2098  HOLD     90.835  30.780   3.75     0    0    0    1 2 245 -1 -1
 2099  HOLD     90.879  30.905   3.75     0    0    0    1 2 245 -1 -1
 2100  HOLD     90.922  31.030   3.75     0    0    0    1 2 245 -1 -1
 2101  HOLD     90.965  31.155   3.75     0    0    0    1 2 245 -1 -1
 2102  HOLD     91.008  31.280   3.75     0    0    0    1 2 245 -1 -1
 2103  HOLD     91.052  31.405   3.75     0    0    0    1 2 245 -1 -1
 2104  HOLD     91.095  31.530   3.75     0    0    0    1 2 245 -1 -1
 2105  HOLD     91.138  31.655   3.75     0    0    0    1 2 245 -1 -1
 2106  HOLD     91.182  31.780   3.75     0    0    0    1 2 245 -1 -1
 2107  HOLD     91.225  31.905   3.75     0    0    0    1 2 245 -1 -1
 2108  HOLD     91.268  32.030   3.75     0    0    0    1 2 245 -1 -1
 2109  HOLD     91.311  32.155   3.75     0    0    0    1 2 245 -1 -1
 2110  HOLD     91.355  32.280   3.75     0    0    0    1 2 245 -1 -1
 2111  HOLD     91.398  32.405   3.75     0    0    0    1 2 245 -1 -1
 2112  HOLD     91.441  32.530   3.75     0    0    0    1 2 245 -1 -1
 2113  HOLD     91.484  32.655   3.75     0    0    0    1 2 245 -1 -1
 2114  HOLD     91.528  32.780   3.75     0    0    0    1 2 245 -1 -1
 2115  HOLD     91.571  32.905   3.75     0    0    0    1 2 245 -1 -1
 2116  HOLD     91.614  33.030   3.75     0    0    0    1 2 245 -1 -1
 2117  HOLD     91.658  33.155   3.75     0    0    0    1 2 245 -1 -1
 2118  HOLD     91.701  33.280   3.75     0    0    0    1 2 245 -1 -1
 2119  HOLD     91.744  33.405   3.75     0    0    0    1 2 245 -1 -1
 2120  HOLD     91.787  33.530   3.75     0    0    0    1 2 245 -1 -1
 2121  HOLD     91.831  33.655   3.75     0    0    0    1 2 245 -1 -1
 2122  HOLD     91.874  33.780   3.75     0    0    0    1 2 245 -1 -1
 2123  HOLD     91.917  33.905   3.75     0    0    0    1 2 245 -1 -1
 2124  HOLD     91.961  34.030   3.75     0    0    0    1 2 245 -1 -1
 2125  HOLD     92.004  34.155   3.75     0    0    0    1 2 245 -1 -1
 2126  HOLD     92.047  34.280   3.75     0    0    0    1 2 245 -1 -1
 2127  HOLD     92.090  34.405   3.75     0    0    0    1 2 245 -1 -1
 2128  HOLD     92.134  34.530   3.75     0    0    0    1 2 245 -1 -1
 2129  HOLD     92.177  34.655   3.75     0    0    0    1 2 245 -1 -1
 2130  HOLD     92.220  34.780   3.75     0    0    0    1 2 245 -1 -1
 2131  HOLD     92.263  34.905   3.75     0    0    0    1 2 245 -1 -1
 2132  HOLD     92.307  35.030   3.75     0    0    0    1 2 245 -1 -1
 2133  HOLD     92.350  35.155   3.75     0    0    0    1 2 245 -1 -1
 2134  HOLD     92.393  35.280   3.75     0    0    0    1 2 245 -1 -1
 2135  HOLD     92.437  35.405   3.75     0    0    0    1 2 245 -1 -1
 2136  HOLD     92.480  35.530   3.75     0    0    0    1 2 245 -1 -1
 2137  HOLD     92.523  35.655   3.75     0    0    0    1 2 245 -1 -1
 2138  HOLD     92.566  35.780   3.75     0    0    0    1 2 245 -1 -1
 2139  HOLD     92.610  35.905   3.75     0    0    0    1 2 245 -1 -1
 2140  HOLD     92.653  36.030   3.75     0    0    0    1 2 245 -1 -1
 2141  HOLD     92.696  36.155   3.75     0    0    0    1 2 245 -1 -1
 2142  HOLD     92.740  36.280   3.75     0    0    0    1 2 245 -1 -1
 2143  HOLD     92.783  36.405   3.75     0    0    0    1 2 245 -1 -1
 2144  HOLD     92.826  36.530   3.75     0    0    0    1 2 245 -1 -1
 2145  HOLD     92.869  36.655   3.75     0    0    0    1 2 245 -1 -1
 2146  HOLD     92.913  36.780   3.75     0    0    0    1 2 245 -1 -1
 2147  HOLD     92.956  36.905   3.75     0    0    0    1 2 245 -1 -1
 2148  HOLD     92.999  37.030   3.75     0    0    0    1 2 245 -1 -1
 2149  HOLD     93.042  37.155   3.75     0    0    0    1 2 245 -1 -1
 2150  HOLD     93.086  37.280   3.75     0    0    0    1 2 245 -1 -1
 2151  HOLD     93.129  37.405   3.75     0    0    0    1 2 245 -1 -1
 2152  HOLD     93.172  37.530   3.75     0    0    0    1 2 245 -1 -1
 2153  HOLD     93.216  37.655   3.75     0    0    0    1 2 245 -1 -1
 2154  HOLD     93.259  37.780   3.75     0    0    0    1 2 245 -1 -1
 2155  HOLD     93.302  37.905   3.75     0    0    0    1 2 245 -1 -1
 2156  HOLD     93.345  38.030   3.75     0    0    0    1 2 245 -1 -1
 2157  HOLD     93.389  38.155   3.75     0    0    0    1 2 245 -1 -1
 2158  HOLD     93.432  38.280   3.75     0    0    0    1 2 245 -1 -1
 2159  HOLD     93.475  38.405   3.75     0    0    0    1 2 245 -1 -1
 2160  HOLD     93.519  38.530   3.75     0    0    0    1 2 245 -1 -1
 2161  HOLD     93.562  38.655   3.75     0    0    0    1 2 245 -1 -1
 2162  HOLD     93.605  38.780   3.75     0    0    0    1 2 245 -1 -1
 2163  HOLD     93.648  38.905   3.75     0    0    0    1 2 245 -1 -1
 2164  HOLD     93.692  39.030   3.75     0    0    0    1 2 245 -1 -1
 2165  HOLD     93.735  39.155   3.75     0    0    0    1 2 245 -1 -1
 2166  HOLD     93.778  39.280   3.75     0    0    0    1 2 245 -1 -1
 2167  HOLD     93.821  39.405   3.75     0    0    0    1 2 245 -1 -1
 2168  HOLD     93.865  39.530   3.75     0    0    0    1 2 245 -1 -1
 2169  HOLD     93.908  39.655   3.75     0    0    0    1 2 245 -1 -1
 2170  HOLD     93.951  39.780   3.75     0    0    0    1 2 245 -1 -1
 2171  HOLD     93.995  39.905   3.75     0    0    0    1 2 245 -1 -1
 2172  HOLD     94.038  40.030   3.75     0    0    0    1 2 245 -1 -1
 2173  HOLD     94.081  40.155   3.75     0    0    0    1 2 245 -1 -1
 2174  HOLD     94.124  40.280   3.75     0    0    0    1 2 245 -1 -1
 2175  HOLD     94.168  40.405   3.75     0    0    0    1 2 245 -1 -1
 2176  HOLD     94.211  40.530   3.75     0    0    0    1 2 245 -1 -1
 2177  HOLD     94.254  40.655   3.75     0    0    0    1 2 245 -1 -1
 2178  HOLD     94.298  40.780   3.75     0    0    0    1 2 245 -1 -1
 2179  HOLD     94.341  40.905   3.75     0    0    0    1 2 245 -1 -1
 2180  HOLD     94.384  41.030   3.75     0    0    0    1 2 245 -1 -1
 2181  HOLD     94.427  41.155   3.75     0    0    0    1 2 245 -1 -1
 2182  HOLD     94.471  41.280   3.75     0    0    0    1 2 245 -1 -1
 2183  HOLD     94.514  41.405   3.75     0    0    0    1 2 245 -1 -1
 2184  HOLD     94.557  41.530   3.75     0    0    0    1 2 245 -1 -1
 2185  HOLD     94.600  41.655   3.75     0    0    0    1 2 245 -1 -1
 2186  HOLD     94.644  41.780   3.75     0    0    0    1 2 245 -1 -1
 2187  HOLD     94.687  41.905   3.75     0    0    0    1 2 245 -1 -1
 2188  HOLD     94.730  42.030   3.75     0    0    0    1 2 245 -1 -1
 2189  HOLD     94.774  42.155   3.75     0    0    0    1 2 245 -1 -1
 2190  HOLD     94.817  42.280   3.75     0    0    0    1 2 245 -1 -1
 2191  HOLD     94.860  42.405   3.75     0    0    0    1 2 245 -1 -1
 2192  HOLD     94.903  42.530   3.75     0    0    0    1 2 245 -1 -1
 2193  HOLD     94.947  42.655   3.75     0    0    0    1 2 245 -1 -1
 2194  HOLD     94.990  42.780   3.75     0    0    0    1 2 245 -1 -1
 2195  HOLD     95.033  42.905   3.75     0    0    0    1 2 245 -1 -1
 2196  HOLD     95.077  43.030   3.75     0    0    0    1 2 245 -1 -1
 2197  HOLD     95.120  43.155   3.75     0    0    0    1 2 245 -1 -1
 2198  HOLD     95.163  43.280   3.75     0    0    0    1 2 245 -1 -1
 2199  HOLD     95.206  43.405   3.75     0    0    0    1 2 245 -1 -1
 2200  HOLD     95.250  43.530   3.75     0    0    0    1 2 245 -1 -1
 2201  HOLD     95.293  43.655   3.75     0    0    0    1 2 245 -1 -1
 2202  HOLD     95.336  43.780   3.75     0    0    0    1 2 245 -1 -1
 2203  HOLD     95.379  43.905   3.75     0    0    0    1 2 245 -1 -1
 2204  HOLD     95.423  44.030   3.75     0    0    0    1 2 245 -1 -1
 2205  HOLD     95.466  44.155   3.75     0    0    0    1 2 245 -1 -1
 2206  HOLD     95.509  44.280   3.75     0    0    0    1 2 245 -1 -1
 2207  HOLD     95.553  44.405   3.75     0    0    0    1 2 245 -1 -1
 2208  HOLD     95.596  44.530   3.75     0    0    0    1 2 245 -1 -1
 2209  HOLD     95.639  44.655   3.75     0    0    0    1 2 245 -1 -1
 2210  HOLD     95.682  44.780   3.75     0    0    0    1 2 245 -1 -1
 2211  HOLD     95.726  44.905   3.75     0    0    0    1 2 245 -1 -1
 2212  HOLD     95.769  45.030   3.75     0    0    0    1 2 245 -1 -1
 2213  HOLD     95.812  45.155   3.75     0    0    0    1 2 245 -1 -1
 2214  HOLD     95.856  45.280   3.75     0    0    0    1 2 245 -1 -1
 2215  HOLD     95.899  45.405   3.75     0    0    0    1 2 245 -1 -1
 2216  HOLD     95.942  45.530   3.75     0    0    0    1 2 245 -1 -1
 2217  HOLD     95.985  45.655   3.75     0    0    0    1 2 245 -1 -1
 2218  HOLD     96.029  45.780   3.75     0    0    0    1 2 245 -1 -1
 2219  HOLD     96.072  45.905   3.75     0    0    0    1 2 245 -1 -1
 2220  HOLD     96.115  46.030   3.75     0    0    0    1 2 245 -1 -1
 2221  HOLD     96.158  46.155   3.75     0    0    0    1 2 245 -1 -1
 2222  HOLD     96.202  46.280   3.75     0    0    0    1 2 245 -1 -1
 2223  HOLD     96.245  46.405   3.75     0    0    0    1 2 245 -1 -1
 2224  HOLD     96.288  46.530   3.75     0    0    0    1 2 245 -1 -1
 2225  HOLD     96.332  46.655   3.75     0    0    0    1 2 245 -1 -1
 2226  HOLD     96.375  46.780   3.75     0    0    0    1 2 245 -1 -1
 2227  HOLD     96.418  46.905   3.75     0    0    0    1 2 245 -1 -1
 2228  HOLD     96.461  47.030   3.75     0    0    0    1 2 245 -1 -1
 2229  HOLD     96.505  47.155   3.75     0    0    0    1 2 245 -1 -1
 2230  HOLD     96.548  47.280   3.75     0    0    0    1 2 245 -1 -1
 2231  HOLD     96.591  47.405   3.75     0    0    0    1 2 245 -1 -1
 2232  HOLD     96.635  47.530   3.75     0    0    0    1 2 245 -1 -1
 2233  HOLD     96.678  47.655   3.75     0    0    0    1 2 245 -1 -1
 2234  HOLD     96.721  47.780   3.75     0    0    0    1 2 245 -1 -1
 2235  HOLD     96.764  47.905   3.75     0    0    0    1 2 245 -1 -1
 2236  HOLD     96.808  48.030   3.75     0    0    0    1 2 245 -1 -1
 2237  HOLD     96.851  48.155   3.75     0    0    0    1 2 245 -1 -1
 2238  HOLD     96.894  48.280   3.75     0    0    0    1 2 245 -1 -1
 2239  HOLD     96.938  48.405   3.75     0    0    0    1 2 245 -1 -1
 2240  HOLD     96.981  48.530   3.75     0    0    0    1 2 245 -1 -1
 2241  HOLD     97.024  48.655   3.75     0    0    0    1 2 245 -1 -1
 2242  HOLD     97.067  48.780   3.75     0    0    0    1 2 245 -1 -1
 2243  HOLD     97.111  48.905   3.75     0    0    0    1 2 245 -1 -1
 2244  HOLD     97.154  49.030   3.75     0    0    0    1 2 245 -1 -1
 2245  HOLD     97.197  49.155   3.75     0    0    0    1 2 245 -1 -1
 2246  HOLD     97.240  49.280   3.75     0    0    0    1 2 245 -1 -1
 2247  HOLD     97.284  49.405   3.75     0    0    0    1 2 245 -1 -1
 2248  HOLD     97.327  49.530   3.75     0    0    0    1 2 245 -1 -1
 2249  HOLD     97.370  49.655   3.75     0    0    0    1 2 245 -1 -1
 2250  HOLD     97.414  49.780   3.75     0    0    0    1 2 245 -1 -1
 2251  HOLD     97.457  49.905   3.75     0    0    0    1 2 245 -1 -1
 2252  HOLD     97.500  50.030   3.75     0    0    0    1 2 245 -1 -1
 2253  HOLD     97.543  50.155   3.75     0    0    0    1 2 245 -1 -1
 2254  HOLD     97.587  50.280   3.75     0    0    0    1 2 245 -1 -1
 2255  HOLD     97.630  50.405   3.75     0    0    0    1 2 245 -1 -1
 2256  HOLD     97.673  50.530   3.75     0    0    0    1 2 245 -1 -1
 2257  HOLD     97.716  50.655   3.75     0    0    0    1 2 245 -1 -1
 2258  HOLD     97.760  50.780   3.75     0    0    0    1 2 245 -1 -1
 2259  HOLD     97.803  50.905   3.75     0    0    0    1 2 245 -1 -1
 2260  HOLD     97.846  51.030   3.75     0    0    0    1 2 245 -1 -1
 2261  HOLD     97.890  51.155   3.75     0    0    0    1 2 245 -1 -1
 2262  HOLD     97.933  51.280   3.75     0    0    0    1 2 245 -1 -1
 2263  HOLD     97.976  51.405   3.75     0    0    0    1 2 245 -1 -1
 2264  HOLD     98.019  51.530   3.75     0    0    0    1 2 245 -1 -1
 2265  HOLD     98.063  51.655   3.75     0    0    0    1 2 245 -1 -1
 2266  HOLD     98.106  51.780   3.75     0    0    0    1 2 245 -1 -1
 2267  HOLD     98.149  51.905   3.75     0    0    0    1 2 245 -1 -1
 2268  HOLD     98.193  52.030   3.75     0    0    0    1 2 245 -1 -1
 2269  HOLD     98.236  52.155   3.75     0    0    0    1 2 245 -1 -1
 2270  HOLD     98.279  52.280   3.75     0    0    0    1 2 245 -1 -1
 2271  HOLD     98.322  52.405   3.75     0    0    0    1 2 245 -1 -1
 2272  HOLD     98.366  52.530   3.75     0    0    0    1 2 245 -1 -1
 2273  HOLD     98.409  52.655   3.75     0    0    0    1 2 245 -1 -1
 2274  HOLD     98.452  52.780   3.75     0    0    0    1 2 245 -1 -1
 2275  HOLD     98.496  52.905   3.75     0    0    0    1 2 245 -1 -1
 2276  HOLD     98.539  53.030   3.75     0    0    0    1 2 245 -1 -1
 2277  HOLD     98.582  53.155   3.75     0    0    0    1 2 245 -1 -1
 2278  HOLD     98.625  53.280   3.75     0    0    0    1 2 245 -1 -1
 2279  HOLD     98.669  53.405   3.75     0    0    0    1 2 245 -1 -1
 2280  HOLD     98.712  53.530   3.75     0    0    0    1 2 245 -1 -1
 2281  HOLD     98.755  53.655   3.75     0    0    0    1 2 245 -1 -1
 2282  HOLD     98.798  53.780   3.75     0    0    0    1 2 245 -1 -1
 2283  HOLD     98.842  53.905   3.75     0    0    0    1 2 245 -1 -1
 2284  HOLD     98.885  54.030   3.75     0    0    0    1 2 245 -1 -1
 2285  HOLD     98.928  54.155   3.75     0    0    0    1 2 245 -1 -1
 2286  HOLD     98.972  54.280   3.75     0    0    0    1 2 245 -1 -1
 2287  HOLD     99.015  54.405   3.75     0    0    0    1 2 245 -1 -1
 2288  HOLD     99.058  54.530   3.75     0    0    0    1 2 245 -1 -1
 2289  HOLD     99.101  54.655   3.75     0    0    0    1 2 245 -1 -1
 2290  HOLD     99.145  54.780   3.75     0    0    0    1 2 245 -1 -1
 2291  HOLD     99.188  54.905   3.75     0    0    0    1 2 245 -1 -1
 2292  HOLD     99.231  55.030   3.75     0    0    0    1 2 245 -1 -1
 2293  HOLD     99.275  55.155   3.75     0    0    0    1 2 245 -1 -1
 2294  HOLD     99.318  55.280   3.75     0    0    0    1 2 245 -1 -1
 2295  HOLD     99.361  55.405   3.75     0    0    0    1 2 245 -1 -1
 2296  HOLD     99.404  55.530   3.75     0    0    0    1 2 245 -1 -1
 2297  HOLD     99.448  55.655   3.75     0    0    0    1 2 245 -1 -1
 2298  HOLD     99.491  55.780   3.75     0    0    0    1 2 245 -1 -1
 2299  HOLD     99.534  55.905   3.75     0    0    0    1 2 245 -1 -1
 2300  HOLD     99.577  56.030   3.75     0    0    0    1 2 245 -1 -1
 2301  HOLD     99.621  56.155   3.75     0    0    0    1 2 245 -1 -1
 2302  HOLD     99.664  56.280   3.75     0    0    0    1 2 245 -1 -1
 2303  HOLD     99.707  56.405   3.75     0    0    0    1 2 245 -1 -1
 2304  HOLD     99.751  56.530   3.75     0    0    0    1 2 245 -1 -1
 2305  HOLD     99.794  56.655   3.75     0    0    0    1 2 245 -1 -1
 2306  HOLD     99.837  56.780   3.75     0    0    0    1 2 245 -1 -1
 2307  HOLD     99.880  56.905   3.75     0    0    0    1 2 245 -1 -1
 2308  HOLD     99.924  57.030   3.75     0    0    0    1 2 245 -1 -1
 2309  HOLD     99.967  57.155   3.75     0    0    0    1 2 245 -1 -1
 2310  HOLD    100.010  57.280   3.75     0    0    0    1 2 245 -1 -1
 2311  HOLD    100.054  57.405   3.75     0    0    0    1 2 245 -1 -1
 2312  HOLD    100.097  57.530   3.75     0    0    0    1 2 245 -1 -1
 2313  HOLD    100.140  57.655   3.75     0    0    0    1 2 245 -1 -1
 2314  HOLD    100.183  57.780   3.75     0    0    0    1 2 245 -1 -1
 2315  HOLD    100.227  57.905   3.75     0    0    0    1 2 245 -1 -1
 2316  HOLD    100.270  58.030   3.75     0    0    0    1 2 245 -1 -1
 2317  HOLD    100.313  58.155   3.75     0    0    0    1 2 245 -1 -1
 2318  HOLD    100.356  58.280   3.75     0    0    0    1 2 245 -1 -1
 2319  HOLD    100.400  58.405   3.75     0    0    0    1 2 245 -1 -1
 2320  HOLD    100.443  58.530   3.75     0    0    0    1 2 245 -1 -1
 2321  HOLD    100.486  58.655   3.75     0    0    0    1 2 245 -1 -1
 2322  HOLD    100.530  58.780   3.75     0    0    0    1 2 245 -1 -1
 2323  HOLD    100.573  58.905   3.75     0    0    0    1 2 245 -1 -1
 2324  HOLD    100.616  59.030   3.75     0    0    0    1 2 245 -1 -1
 2325  HOLD    100.659  59.155   3.75     0    0    0    1 2 245 -1 -1
 2326  HOLD    100.703  59.280   3.75     0    0    0    1 2 245 -1 -1
 2327  HOLD    100.746  59.405   3.75     0    0    0    1 2 245 -1 -1
 2328  HOLD    100.789  59.530   3.75     0    0    0    1 2 245 -1 -1
 2329  HOLD    100.833  59.655   3.75     0    0    0    1 2 245 -1 -1
 2330  HOLD    100.876  59.780   3.75     0    0    0    1 2 245 -1 -1
 2331  HOLD    100.919  59.905   3.75     0    0    0    1 2 245 -1 -1
 2332  HOLD    100.962  60.030   3.75     0    0    0    1 2 245 -1 -1
 2333  HOLD    101.006  60.155   3.75     0    0    0    1 2 245 -1 -1
 2334  HOLD    101.049  60.280   3.75     0    0    0    1 2 245 -1 -1
 2335  HOLD    101.092  60.405   3.75     0    0    0    1 2 245 -1 -1
 2336  HOLD    101.135  60.530   3.75     0    0    0    1 2 245 -1 -1
 2337  HOLD    101.179  60.655   3.75     0    0    0    1 2 245 -1 -1
 2338  HOLD    101.222  60.780   3.75     0    0    0    1 2 245 -1 -1
 2339  HOLD    101.265  60.905   3.75     0    0    0    1 2 245 -1 -1
 2340  HOLD    101.309  61.030   3.75     0    0    0    1 2 245 -1 -1
 2341  HOLD    101.352  61.155   3.75     0    0    0    1 2 245 -1 -1
 2342  HOLD    101.395  61.280   3.75     0    0    0    1 2 245 -1 -1
 2343  HOLD    101.438  61.405   3.75     0    0    0    1 2 245 -1 -1
 2344  HOLD    101.482  61.530   3.75     0    0    0    1 2 245 -1 -1
 2345  HOLD    101.525  61.655   3.75     0    0    0    1 2 245 -1 -1
 2346  HOLD    101.568  61.780   3.75     0    0    0    1 2 245 -1 -1
 2347  HOLD    101.612  61.905   3.75     0    0    0    1 2 245 -1 -1
 2348  HOLD    101.655  62.030   3.75     0    0    0    1 2 245 -1 -1
 2349  HOLD    101.698  62.155   3.75     0    0    0    1 2 245 -1 -1
 2350  HOLD    101.741  62.280   3.75     0    0    0    1 2 245 -1 -1
 2351  HOLD    101.785  62.405   3.75     0    0    0    1 2 245 -1 -1
 2352  HOLD    101.828  62.530   3.75     0    0    0    1 2 245 -1 -1
 2353  HOLD    101.871  62.655   3.75     0    0    0    1 2 245 -1 -1
 2354  HOLD    101.914  62.780   3.75     0    0    0    1 2 245 -1 -1
 2355  HOLD    101.958  62.905   3.75     0    0    0    1 2 245 -1 -1
 2356  HOLD    102.001  63.030   3.75     0    0    0    1 2 245 -1 -1
 2357  HOLD    102.044  63.155   3.75     0    0    0    1 2 245 -1 -1
 2358  HOLD    102.088  63.280   3.75     0    0    0    1 2 245 -1 -1
 2359  HOLD    102.131  63.405   3.75     0    0    0    1 2 245 -1 -1
 2360  HOLD    102.174  63.530   3.75     0    0    0    1 2 245 -1 -1
 2361  HOLD    102.217  63.655   3.75     0    0    0    1 2 245 -1 -1
 2362  HOLD    102.261  63.780   3.75     0    0    0    1 2 245 -1 -1
 2363  HOLD    102.304  63.905   3.75     0    0    0    1 2 245 -1 -1
 2364  HOLD    102.347  64.030   3.75     0    0    0    1 2 245 -1 -1
 2365  HOLD    102.391  64.155   3.75     0    0    0    1 2 245 -1 -1
 2366  HOLD    102.434  64.280   3.75     0    0    0    1 2 245 -1 -1
 2367  HOLD    102.477  64.405   3.75     0    0    0    1 2 245 -1 -1
 2368  HOLD    102.520  64.530   3.75     0    0    0    1 2 245 -1 -1
 2369  HOLD    102.564  64.655   3.75     0    0    0    1 2 245 -1 -1
 2370  HOLD    102.607  64.780   3.75     0    0    0    1 2 245 -1 -1
 2371  HOLD    102.650  64.905   3.75     0    0    0    1 2 245 -1 -1
 2372  HOLD    102.693  65.030   3.75     0    0    0    1 2 245 -1 -1
 2373  HOLD    102.737  65.155   3.75     0    0    0    1 2 245 -1 -1
 2374  HOLD    102.780  65.280   3.75     0    0    0    1 2 245 -1 -1
 2375  HOLD    102.823  65.405   3.75     0    0    0    1 2 245 -1 -1
 2376  HOLD    102.867  65.530   3.75     0    0    0    1 2 245 -1 -1
 2377  HOLD    102.910  65.655   3.75     0    0    0    1 2 245 -1 -1
 2378  HOLD    102.953  65.780   3.75     0    0    0    1 2 245 -1 -1
 2379  HOLD    102.996  65.905   3.75     0    0    0    1 2 245 -1 -1
 2380  HOLD    103.040  66.030   3.75     0    0    0    1 2 245 -1 -1
 2381  HOLD    103.083  66.155   3.75     0    0    0    1 2 245 -1 -1
 2382  HOLD    103.126  66.280   3.75     0    0    0    1 2 245 -1 -1
 2383  HOLD    103.170  66.405   3.75     0    0    0    1 2 245 -1 -1
 2384  HOLD    103.213  66.530   3.75     0    0    0    1 2 245 -1 -1
 2385  HOLD    103.256  66.655   3.75     0    0    0    1 2 245 -1 -1
 2386  HOLD    103.299  66.780   3.75     0    0    0    1 2 245 -1 -1
 2387  HOLD    103.343  66.905   3.75     0    0    0    1 2 245 -1 -1
 2388  HOLD    103.386  67.030   3.75     0    0    0    1 2 245 -1 -1
 2389  HOLD    103.429  67.155   3.75     0    0    0    1 2 245 -1 -1
 2390  HOLD    103.472  67.280   3.75     0    0    0    1 2 245 -1 -1
 2391  HOLD    103.516  67.405   3.75     0    0    0    1 2 245 -1 -1
 2392  HOLD    103.559  67.530   3.75     0    0    0    1 2 245 -1 -1
 2393  HOLD    103.602  67.655   3.75     0    0    0    1 2 245 -1 -1
 2394  HOLD    103.646  67.780   3.75     0    0    0    1 2 245 -1 -1
 2395  HOLD    103.689  67.905   3.75     0    0    0    1 2 245 -1 -1
 2396  HOLD    103.732  68.030   3.75     0    0    0    1 2 245 -1 -1
 2397  HOLD    103.775  68.155   3.75     0    0    0    1 2 245 -1 -1
 2398  HOLD    103.819  68.280   3.75     0    0    0    1 2 245 -1 -1
 2399  HOLD    103.862  68.405   3.75     0    0    0    1 2 245 -1 -1
 2400  HOLD    103.905  68.530   3.75     0    0    0    1 2 245 -1 -1
 2401  HOLD    103.949  68.655   3.75     0    0    0    1 2 245 -1 -1
 2402  HOLD    103.992  68.780   3.75     0    0    0    1 2 245 -1 -1
 2403  HOLD    104.035  68.905   3.75     0    0    0    1 2 245 -1 -1
 2404  HOLD    104.078  69.030   3.75     0    0    0    1 2 245 -1 -1
 2405  HOLD    104.122  69.155   3.75     0    0    0    1 2 245 -1 -1
 2406  HOLD    104.165  69.280   3.75     0    0    0    1 2 245 -1 -1
 2407  HOLD    104.208  69.405   3.75     0    0    0    1 2 245 -1 -1
 2408  HOLD    104.251  69.530   3.75     0    0    0    1 2 245 -1 -1
 2409  HOLD    104.295  69.655   3.75     0    0    0    1 2 245 -1 -1
 2410  HOLD    104.338  69.780   3.75     0    0    0    1 2 245 -1 -1
 2411  HOLD    104.381  69.905   3.75     0    0    0    1 2 245 -1 -1
 2412  HOLD    104.425  70.030   3.75     0    0    0    1 2 245 -1 -1
 2413  HOLD    104.468  70.155   3.75     0    0    0    1 2 245 -1 -1
 2414  HOLD    104.511  70.280   3.75     0    0    0    1 2 245 -1 -1
 2415  HOLD    104.554  70.405   3.75     0    0    0    1 2 245 -1 -1
 2416  HOLD    104.598  70.530   3.75     0    0    0    1 2 245 -1 -1
 2417  HOLD    104.641  70.655   3.75     0    0    0    1 2 245 -1 -1
 2418  HOLD    104.684  70.780   3.75     0    0    0    1 2 245 -1 -1
 2419  HOLD    104.728  70.905   3.75     0    0    0    1 2 245 -1 -1
 2420  HOLD    104.771  71.030   3.75     0    0    0    1 2 245 -1 -1
 2421  HOLD    104.814  71.155   3.75     0    0    0    1 2 245 -1 -1
 2422  HOLD    104.857  71.280   3.75     0    0    0    1 2 245 -1 -1
 2423  HOLD    104.901  71.405   3.75     0    0    0    1 2 245 -1 -1
 2424  HOLD    104.944  71.530   3.75     0    0    0    1 2 245 -1 -1
 2425  HOLD    104.987  71.655   3.75     0    0    0    1 2 245 -1 -1
 2426  HOLD    105.030  71.780   3.75     0    0    0    1 2 245 -1 -1
 2427  HOLD    105.074  71.905   3.75     0    0    0    1 2 245 -1 -1
 2428  HOLD    105.117  72.030   3.75     0    0    0    1 2 245 -1 -1
 2429  HOLD    105.160  72.155   3.75     0    0    0    1 2 245 -1 -1
 2430  HOLD    105.204  72.280   3.75     0    0    0    1 2 245 -1 -1
 2431  HOLD    105.247  72.405   3.75     0    0    0    1 2 245 -1 -1
 2432  HOLD    105.290  72.530   3.75     0    0    0    1 2 245 -1 -1
 2433  HOLD    105.333  72.655   3.75     0    0    0    1 2 245 -1 -1
 2434  HOLD    105.377  72.780   3.75     0    0    0    1 2 245 -1 -1
 2435  HOLD    105.420  72.905   3.75     0    0    0    1 2 245 -1 -1
 2436  HOLD    105.463  73.030   3.75     0    0    0    1 2 245 -1 -1
 2437  HOLD    105.507  73.155   3.75     0    0    0    1 2 245 -1 -1
 2438  HOLD    105.550  73.280   3.75     0    0    0    1 2 245 -1 -1
 2439  HOLD    105.593  73.405   3.75     0    0    0    1 2 245 -1 -1
 2440  HOLD    105.636  73.530   3.75     0    0    0    1 2 245 -1 -1
 2441  HOLD    105.680  73.655   3.75     0    0    0    1 2 245 -1 -1
 2442  HOLD    105.723  73.780   3.75     0    0    0    1 2 245 -1 -1
 2443  HOLD    105.766  73.905   3.75     0    0    0    1 2 245 -1 -1
 2444  HOLD    105.809  74.030   3.75     0    0    0    1 2 245 -1 -1
 2445  HOLD    105.853  74.155   3.75     0    0    0    1 2 245 -1 -1
 2446  HOLD    105.896  74.280   3.75     0    0    0    1 2 245 -1 -1
 2447  HOLD    105.939  74.405   3.75     0    0    0    1 2 245 -1 -1
 2448  HOLD    105.983  74.530   3.75     0    0    0    1 2 245 -1 -1
 2449  HOLD    106.026  74.655   3.75     0    0    0    1 2 245 -1 -1
 2450  HOLD    106.069  74.780   3.75     0    0    0    1 2 245 -1 -1
 2451  HOLD    106.112  74.905   3.75     0    0    0    1 2 245 -1 -1
 2452  HOLD    106.156  75.030   3.75     0    0    0    1 2 245 -1 -1
 2453  HOLD    106.199  75.155   3.75     0    0    0    1 2 245 -1 -1
 2454  HOLD    106.242  75.280   3.75     0    0    0    1 2 245 -1 -1
 2455  HOLD    106.286  75.405   3.75     0    0    0    1 2 245 -1 -1
 2456  HOLD    106.329  75.530   3.75     0    0    0    1 2 245 -1 -1
 2457  HOLD    106.372  75.655   3.75     0    0    0    1 2 245 -1 -1
 2458  HOLD    106.415  75.780   3.75     0    0    0    1 2 245 -1 -1
 2459  HOLD    106.459  75.905   3.75     0    0    0    1 2 245 -1 -1
 2460  HOLD    106.502  76.030   3.75     0    0    0    1 2 245 -1 -1
 2461  HOLD    106.545  76.155   3.75     0    0    0    1 2 245 -1 -1
 2462  HOLD    106.588  76.280   3.75     0    0    0    1 2 245 -1 -1
 2463  HOLD    106.632  76.405   3.75     0    0    0    1 2 245 -1 -1
 2464  HOLD    106.675  76.530   3.75     0    0    0    1 2 245 -1 -1
 2465  HOLD    106.718  76.655   3.75     0    0    0    1 2 245 -1 -1
 2466  HOLD    106.762  76.780   3.75     0    0    0    1 2 245 -1 -1
 2467  ....    106.805  76.905   3.75     0    0    0    1 2 245 -1 -1
 2468  HOLD    106.848  77.030   3.75     0    0    0    1 2 245 -1 -1
 2469  HOLD    106.891  77.155   3.75     0    0    0    1 2 245 -1 -1
 2470  HOLD    106.935  77.280   3.75     0    0    0    1 2 245 -1 -1
 2471  ....    106.978  77.405   3.75     0    0    0    1 2 245 -1 -1
 2472  ....    107.021  77.530   3.75     0    0    0    1 2 245 -1 -1
 2473  HOLD    107.065  77.655   3.75     0    0    0    1 2 245 -1 -1
 2474  HOLD    107.108  77.780   3.75     0    0    0    1 2 245 -1 -1
 2475  HOLD    107.151  77.905   3.75     0    0    0    1 2 245 -1 -1
 2476  HOLD    107.194  78.030   3.75     0    0    0    1 2 245 -1 -1
 2477  HOLD    107.238  78.155   3.75     0    0    0    1 2 245 -1 -1
 2478  HOLD    107.281  78.280   3.75     0    0    0    1 2 245 -1 -1
 2479  ....    107.324  78.405   3.75     0    0    0    1 2 245 -1 -1
 2480  ....    107.367  78.530   3.75     0    0    0    1 2 245 -1 -1
 2481  ....    107.411  78.655   3.75     0    0    0    1 2 245 -1 -1
 2482  ....    107.454  78.780   3.75     0    0    0    1 2 245 -1 -1
 2483  HOLD    107.497  78.905   3.75     0    0    0    1 2 245 -1 -1
 2484  HOLD    107.541  79.030   3.75     0    0    0    1 2 245 -1 -1
 2485  ....    107.584  79.155   3.75     0    0    0    1 2 245 -1 -1
 2486  ....    107.627  79.280   3.75     0    0    0    1 2 245 -1 -1
 2487  HOLD    107.670  79.405   3.75     0    0    0    1 2 245 -1 -1
 2488  HOLD    107.714  79.530   3.75     0    0    0    1 2 245 -1 -1
 2489  HOLD    107.757  79.655   3.75     0    0    0    1 2 245 -1 -1
 2490  ....    107.800  79.780   3.75     0    0    0    1 2 245 -1 -1
 2491  ....    107.844  79.905   3.75     0    0    0    1 2 245 -1 -1
 2492  ....    107.887  80.030   3.75     0    1    0    1 2 245 -1 -1
 2493  ....    107.887  80.030   3.75     0    1    0    1 2 245 -1 -1
